term,even_xgf,playerId,name,position,teamId,even_xga,pp_xgf,pk_xga
8473419,0.13071724068499777,8473419.0,Brad Marchand,L,13,0.044031418149124084,0.04834266191492469,-0.0584287195976149
8473422,-0.017941742542907223,8473422.0,Nick Foligno,L,16,-0.00842954530367976,-0.0029338535250593286,-0.013948662041937501
8473507,-0.030687112209327117,8473507.0,Jeff Petry,D,13,-0.023444438696523726,0.010870306319957796,-0.006129767884424034
8475179,-0.011264113166151685,8475179.0,Dmitry Kulikov,D,13,-0.00845819334830064,-0.00377913970674254,-0.002932934000473604
8476473,-0.06426495546197156,8476473.0,Connor Murphy,D,16,0.01763549624623475,-0.04920841113791452,0.008616493284338595
8476882,-0.020352284987750987,8476882.0,Teuvo Teravainen,C,16,0.05460405141532447,-0.02645424932638542,-0.005988398711805298
8476891,0.04559919418900823,8476891.0,Matthew Grzelcyk,D,16,0.0391715778145206,-0.0026113319103584377,-0.00539333373006975
8477409,0.030747716836903496,8477409.0,Carter Verhaeghe,C,13,-0.03153649132096304,0.05961802347179256,-0.030568004693899944
8477444,0.07109959350133861,8477444.0,Andre Burakovsky,L,16,0.03392948617037328,-0.007713016662680262,-0.026990595160852563
8477450,-0.005351536456291412,8477450.0,Jason Dickinson,C,16,-0.032748066140559674,-0.011889843256397315,-0.006331920036955773
8477479,0.0016153772802539657,8477479.0,Tyler Bertuzzi,L,16,0.015917264918372896,-0.015178236582630171,-0.043099382140781205
8477495,0.007407926911195257,8477495.0,Seth Jones,D,13,0.01384532896787397,0.025049656662215605,-0.06539830567651805
8477932,0.03345868269651688,8477932.0,Aaron Ekblad,D,13,0.021202075927208304,0.004719024497859185,-0.029772905636129943
8477933,0.014949216798759012,8477933.0,Sam Reinhart,C,13,0.007573413136456864,0.06094236394689774,-0.05793706516818242
8477935,0.05533375997924134,8477935.0,Sam Bennett,C,13,-0.005711219470856573,0.030976359585173432,-0.04565579067882402
8477987,0.015929800438969632,8477987.0,Ryan Donato,C,16,0.029940514111936985,0.010186783580721118,-0.024310162297708562
8478043,-0.03983032468921815,8478043.0,Sam Lafferty,C,16,-0.03108082118631133,-0.0006450616299540863,0.0
8478055,0.07189254601722954,8478055.0,Gustav Forsling,D,13,-0.043836628066519626,-0.02504484282566468,0.007674424148542153
8478421,-0.025893316524469457,8478421.0,A.J. Greer,L,13,-0.02128832563025316,0.0004404848749729685,-0.0012705641730743086
8478542,-0.012509849555996867,8478542.0,Evan Rodrigues,C,13,-0.0014900410148561154,0.0399832384535427,-0.01883375921620414
8478859,-0.0005563580829794342,8478859.0,Niko Mikkola,D,13,-0.0024245695361601203,-0.0077249639336527355,-0.0002539306940039412
8479316,-0.03139462924574618,8479316.0,Luke Kunin,C,13,-0.008459523929024607,-0.011884700919684863,0.02359637396699301
8479981,-0.022290973386764598,8479981.0,Jonah Gadjovich,L,13,-0.027621661064430383,-0.0001896126905145896,0.0
8480003,-0.01814575555755456,8480003.0,Jesper Boqvist,C,13,-0.03538263841821738,-0.004296451587664126,-0.00915727337389369
8480185,0.038910597946839716,8480185.0,Eetu Luostarinen,C,13,-0.0033787123737334585,-0.005595950788167016,0.006084756949655591
8481624,-0.057434746072991115,8481624.0,Ilya Mikheyev,R,16,0.10626955551286987,-0.03662488373580841,-0.009684214132245033
8482113,0.06475579007719627,8482113.0,Anton Lundell,C,13,0.006493155562451993,0.037268220709165994,-0.058575000167324615
8482176,-0.005989784904280678,8482176.0,Wyatt Kaiser,D,16,0.0064896467955153185,-0.02840861711625094,0.021926989582581498
8482703,-0.01831142593430552,8482703.0,Colton Dach,C,16,-0.013175277891550305,0.0006123472875201269,-0.01727264116784254
8482713,0.0016875625499701422,8482713.0,Mackie Samoskevich,R,13,-0.00019518142394504216,0.046415415525498736,-0.018812854291099107
8482807,0.0008306395825065167,8482807.0,Ethan Del Mastro,D,16,0.009744251241049027,-0.001175010573080618,2.6297456566722924e-05
8483450,0.03933619180993342,8483450.0,Ryan Greene,C,16,0.05987896439372012,-0.0021907622001150827,-0.0005314830104024598
8483493,-0.02666667203351272,8483493.0,Frank Nazar,C,16,0.05448823683333597,-0.01845904590884625,-0.012820705710031683
8483506,0.011441999808454204,8483506.0,Sam Rinzel,D,16,0.09232082511112269,-0.013980627396362168,-0.024930022892492895
8484144,0.04061472865910856,8484144.0,Connor Bedard,C,16,0.05512888712876013,0.001637926368085958,-0.049334130494874666
8484783,0.04024957144308826,8484783.0,Artyom Levshunov,D,16,-0.014510261333429926,0.010680444641861662,-0.031029435383232135
8471215,0.03254086521946701,8471215.0,Evgeni Malkin,C,5,-0.027030581063096772,0.028779418313438908,-0.021817906872985453
8471675,0.03606344209984068,8471675.0,Sidney Crosby,C,5,0.044532109670907156,0.029612534549158236,-0.018773626125750304
8471724,0.07362585783904248,8471724.0,Kris Letang,D,5,0.03186550220586816,0.007609936624341624,-0.00525074834225995
8474578,0.04006691105634693,8474578.0,Erik Karlsson,D,5,-0.006996617813723946,0.008093847979677249,0.021382477359126073
8475842,-0.030261870769602774,8475842.0,Sam Carrick,C,3,-0.04504902654806232,-0.022722987941263217,-0.001480442578150262
8476389,0.015160495819320961,8476389.0,Vincent Trocheck,C,3,0.018428180339974235,-0.012427071913844373,-0.013550116373055381
8476459,-0.017820031141209586,8476459.0,Mika Zibanejad,C,3,-0.015551819754034468,0.042815455245090395,-0.0591392506492077
8476468,-0.011547816009004182,8476468.0,J.T. Miller,C,3,0.03389424669001273,0.054226623453440474,-0.022046196293702386
8476483,-0.016379897896858783,8476483.0,Rickard Rakell,R,5,0.012623955064692603,0.02489640418508587,0.027362899252251934
8477369,-0.08274154242634278,8477369.0,Carson Soucy,D,3,0.0012926803473045367,-0.030128986782911493,-0.009717448061223733
8477511,0.013835591680742445,8477511.0,Anthony Mantha,R,5,0.0019136590508510927,0.014325939554674833,-0.009056081617519956
8477839,-0.0453162890515574,8477839.0,Conor Sheary,L,3,-0.014955055083280811,0.007055915523825974,-0.0026524390526265064
8478438,0.044172784525543796,8478438.0,Thomas Novak,C,5,-0.015517190377009741,0.01604239472485541,-0.00871578962287313
8478450,-0.012252744930164343,8478450.0,Parker Wotherspoon,D,5,-0.035773067572758874,-0.04162159970191979,0.04054426025931527
8478452,-0.015740523437866263,8478452.0,Caleb Jones,D,5,0.030247258559377852,-0.004729668460745486,-0.0022526346668128947
8478550,0.02543399829328683,8478550.0,Artemi Panarin,L,3,-0.03375320331453313,0.0655868598213118,-0.04608802311762993
8478569,-0.017751884858296388,8478569.0,Noel Acciari,C,5,0.006220722521025641,-0.015669583708695648,0.01917789182009987
8478840,-0.010454353598040908,8478840.0,Will Borgen,D,3,-0.05393955643124571,-0.017133000783157087,-0.009360489531211373
8478854,0.03710684849282762,8478854.0,Ryan Shea,D,5,0.003388285599730706,-0.03437249968141322,0.013593583209286718
8478882,-0.0047174519274439655,8478882.0,Vladislav Gavrikov,D,3,-0.011550833091027586,-0.03491600254215889,0.0033879438912193193
8479323,0.043391360367226225,8479323.0,Adam Fox,D,3,-0.046224007265088275,0.053650399612138175,-0.03287366794464032
8479390,-0.07726072352546152,8479390.0,Taylor Raddysh,R,3,-0.05377890698219681,-0.02081819286456078,-0.009087806575206374
8479638,0.012772655229749597,8479638.0,Justin Brazeau,R,5,0.0002505957803764625,0.0032583524167038706,-0.0030718654559390413
8480001,-0.020621444167469416,8480001.0,Urho Vaakanainen,D,3,-0.049661798266110654,-0.000822917156766716,-0.004349533912393655
8480980,-0.06946879882455774,8480980.0,Connor Dewar,C,5,0.03351095511125294,-0.04009301663928612,0.012926911174189861
8481481,-0.03275803549541625,8481481.0,Blake Lizotte,C,5,-0.031077865222520422,-0.04012846125244659,0.020854181909418654
8481577,-0.01949372354832771,8481577.0,Philip Tomasino,R,5,-0.013594991038018676,-0.002663017631343097,-0.0007139688476366536
8481726,-0.027405627749025014,8481726.0,Adam Edstrom,C,3,-0.04719736833582243,-0.0009293144576315177,-0.0009644431748772703
8482073,-0.05740840498072146,8482073.0,Braden Schneider,D,3,-0.04309975094943655,-0.028015044112521925,-0.009022293530334844
8482109,0.03758230365163407,8482109.0,Alexis LafreniÃ¨re,L,3,-0.02028854134243548,0.056790829800028794,-0.0332455274553953
8482157,-0.018365002040780374,8482157.0,Will Cuylle,L,3,-0.02993715014182234,-0.0271146647245762,-0.01654133507877222
8482460,0.006293076355683673,8482460.0,Matt Rempe,C,3,-0.03181708787196781,0.0012134125992141092,-0.0033692206752082535
8482758,0.0011414351300358255,8482758.0,Ville Koivunen,R,5,-0.028004438622215463,-0.006120164950528695,-0.0038182315628559507
8483690,-0.03395792318059269,8483690.0,Noah Laba,C,3,-0.033928233007759476,-0.019441483803292973,-0.016320371798877
8484839,0.0036416150534774564,8484839.0,Harrison Brunicke,D,5,0.02189050881338526,-0.004113431348820643,-0.0007366655087893044
8485414,0.060989043390740384,8485414.0,Ben Kindel,C,5,-0.02397271131453937,0.008357344496012418,-0.027717119934638344
8470613,-0.02445753696580139,8470613.0,Brent Burns,D,21,-0.04382526646932212,-0.04942793547366909,-0.006537693605545078
8471685,-0.02215675456053939,8471685.0,Anze Kopitar,C,26,-0.027494474906607346,-0.01986001244875622,-0.019398174448627355
8474563,-0.027402601718760123,8474563.0,Drew Doughty,D,26,-0.054752702045726104,0.00805165528171239,0.016217281521556368
8475208,-0.06961942468737045,8475208.0,Brian Dumoulin,D,26,0.01177138759700717,-0.017501500242398802,-0.034323576234186415
8475754,0.06383569444209418,8475754.0,Brock Nelson,C,21,0.02305065417514006,-0.03514641311599043,-0.03489359505867439
8476312,-0.02945460573856395,8476312.0,Josh Manson,D,21,-0.06568587156514821,-0.030981453361184515,0.0019061695711274727
8476441,-0.05491992894546675,8476441.0,Joel Edmundson,D,26,-0.016545626048357617,-0.033173746189158575,0.009957741393339365
8476455,0.06259073540466638,8476455.0,Gabriel Landeskog,L,21,-0.03911588957509376,-0.03380590171849556,-0.01640113232640395
8476469,-0.02054710096070865,8476469.0,Joel Armia,R,26,0.0011728864031767083,8.271588712642149e-06,-0.034007901264059344
8476479,-0.03733403233198407,8476479.0,Phillip Danault,C,26,-0.05112405291506095,-0.009331706567963168,-0.010310316989420464
8476879,0.008189716607086872,8476879.0,Cody Ceci,D,26,0.000757878839106588,-0.02200507350175869,-0.02381296046125424
8477476,0.07899775496257591,8477476.0,Artturi Lehkonen,L,21,0.01861304584900462,-0.010488372125576845,-0.034422079491515684
8477492,0.07943411190229906,8477492.0,Nathan MacKinnon,C,21,-0.010989447272927185,0.0742679262145042,-0.03592111623956228
8477501,0.08066235476927194,8477501.0,Valeri Nichushkin,R,21,0.01537312758720914,0.015694346552824097,-0.0323191120698663
8477942,-0.07011736805425359,8477942.0,Kevin Fiala,L,26,0.0025517331414949677,-0.015376927937487416,-0.04381928081125909
8477960,-0.04633452606204914,8477960.0,Adrian Kempe,R,26,0.022604846165794803,-0.014666024071939258,-0.02659446281035656
8477998,-0.035008390166451915,8477998.0,Warren Foegele,L,26,-0.057483368713755964,-0.01397323570820217,0.012844854820429852
8478038,0.07045943646066266,8478038.0,Devon Toews,D,21,-0.0457064748600308,-0.07955322717897255,-0.018382393297118063
8478109,-0.006256380332691035,8478109.0,Victor Olofsson,L,21,-0.05288176829932833,0.07149402046556516,-0.022770768830768777
8479398,0.022412388145289446,8479398.0,Samuel Girard,D,21,0.022295849506789756,-0.004134485033915992,0.0011072155976514643
8479525,0.04551176632865956,8479525.0,Ross Colton,C,21,-0.04026076575218456,-0.017428314555414243,-0.013847492228766871
8479675,-0.009942472069898754,8479675.0,Trevor Moore,L,26,-0.030705790779588297,-0.010822254954379757,-0.018715862592400063
8479998,-0.0332731288789757,8479998.0,Mikey Anderson,D,26,-0.018646248600294728,-0.014791981322489592,0.04018532279339781
8480039,0.051388457920023445,8480039.0,Martin Necas,C,21,-0.008888123433843901,0.07036331340608455,-0.03638490368981994
8480069,0.06187323365506443,8480069.0,Cale Makar,D,21,-0.01937679459433585,0.041854846050260894,-0.039625834294934825
8480448,-0.02479176390665937,8480448.0,Parker Kelly,C,21,-0.04476618565655482,-0.03529749596681959,0.018858165797476165
8480835,0.0248139346195459,8480835.0,Jack Drury,C,21,-0.07015235252475191,-0.035896585377586665,0.014932371143785143
8481532,0.006314584130132256,8481532.0,Alex Turcotte,C,26,-0.01236038091212881,-0.0004166778751102834,-0.0015366919931532536
8481641,-0.02268523799685316,8481641.0,Joel Kiviranta,L,21,-0.015611521668766637,-0.005607824232245728,0.001970431889018067
8482124,-0.033660223577834276,8482124.0,Quinton Byfield,R,26,-0.01365705905123497,-0.041892083632147435,-0.0428305396900723
8482155,-0.03658673429724168,8482155.0,Alex Laferriere,R,26,0.0013859627295868132,-0.02116300806406412,-0.008265483157238138
8482408,0.014269489415487694,8482408.0,Jeff Malott,L,26,-0.024512448930905616,0.0,-0.00037838525321913616
8482730,-0.031571601710209826,8482730.0,Brandt Clarke,D,26,-0.06034693486965507,-0.00497775406550932,-0.02306926901394766
8483808,-0.0006468569309244364,8483808.0,Andrei Kuzmenko,L,26,-0.03273756545848895,-0.00394229577701788,-0.04050120596674466
8484149,-0.007812073664669548,8484149.0,Gavin Brindley,C,21,-0.016117485476818832,-0.006935360846057133,-0.006309096077942857
8484258,0.08995989841844623,8484258.0,Sam Malinski,D,21,-0.028525286130864195,-0.007458130727507166,-0.0035991261633480276
8475166,-0.0011672333559049316,8475166.0,John Tavares,C,10,-0.019626632826367944,0.03267125431429777,-0.028485034270950012
8475171,0.026179720471163976,8475171.0,Oliver Ekman-Larsson,D,10,-0.038975223004767995,-0.010212052850538026,-0.005740069837499512
8475690,-0.012725825786260869,8475690.0,Chris Tanev,D,10,0.007931308527866391,-0.005860820379060655,0.02234631064015435
8475714,-0.02349123534734942,8475714.0,Calle Jarnkrok,C,10,0.0007358593279415151,0.0007456352022206253,0.04303275369163477
8475848,0.06884262685063725,8475848.0,Brendan Gallagher,R,8,-0.034795707446536615,0.038163394848409055,-0.018332397662302935
8476853,0.023568298290644624,8476853.0,Morgan Rielly,D,10,-0.01213659541966299,0.04531371653540037,-0.007692950157211278
8476875,0.058107971242849124,8476875.0,Mike Matheson,D,8,0.005508095775648841,-0.028495820022933698,0.004126579688929662
8476931,-0.0494437719650562,8476931.0,Jake McCabe,D,10,-0.032521132731805645,-0.04017360907888495,0.026577398379692554
8476981,-0.06444469743097278,8476981.0,Josh Anderson,R,8,0.005999472842307017,-0.027106062290895842,0.010138618738171264
8477503,-0.03069184278551455,8477503.0,Max Domi,C,10,0.014299364030487337,0.013888809705273918,-0.021169106757825552
8477939,-0.018684482497995463,8477939.0,William Nylander,R,10,0.0037223711566032503,0.030666063146942656,-0.032859198485086075
8478057,-0.04103062219743974,8478057.0,Dakota Joshua,C,10,-0.01088655335825058,-0.013532693784346737,0.049206215525292085
8478133,-0.09627500827077037,8478133.0,Jake Evans,C,8,-0.03826195266826527,-0.02707878764020661,0.0044093450356055735
8478443,0.013627908204904818,8478443.0,Brandon Carlo,D,10,0.019404610939422685,-0.021717787182047983,-0.002215846017288646
8478462,-0.021591587863739665,8478462.0,Nicolas Roy,C,10,-0.002690480523162732,-0.02173037749934214,0.0187745160436645
8478851,-0.005074522829619439,8478851.0,Alexandre Carrier,D,8,-0.01392449350778854,-0.05425669703532518,0.03163499987864956
8478904,-0.015600760771526362,8478904.0,Steven Lorentz,C,10,-0.023310782788253433,-0.01348430389940746,0.01580317661285065
8479318,0.01900322435078403,8479318.0,Auston Matthews,C,10,-0.01654897547373809,0.010021374968952343,-0.016012539229137535
8479339,-0.04387184386296803,8479339.0,Patrik Laine,L,8,-0.02144063883384803,-0.009726771094120396,-0.016509573780571513
8480018,0.056412617404009116,8480018.0,Nick Suzuki,C,8,-0.05094553478887424,0.07698979950919946,-0.04875039136924081
8480865,-0.01217003140061786,8480865.0,Noah Dobson,D,8,-0.02084075165326703,0.04047941911989671,0.004875244272426604
8481122,-0.05218074115512026,8481122.0,Simon Benoit,D,10,-0.036020318113994476,-0.011440451309912083,0.023598302255149365
8481523,0.03902578180175528,8481523.0,Kirby Dach,C,8,0.010114197952688555,0.0019345695792158354,-0.015175735791365096
8481540,0.05850908906033058,8481540.0,Cole Caufield,R,8,-0.015401915986910918,0.08400762300190787,-0.0373002418923337
8481582,0.024239585848398842,8481582.0,Nicholas Robertson,L,10,-0.020049981992213688,0.008727963905987773,-0.008996086492714184
8481618,-0.006890564332359743,8481618.0,Alex Newhook,C,8,-0.009121050587822643,-0.01681914998239512,0.030343526683170603
8481711,-0.02438248942467687,8481711.0,Matias Maccelli,L,10,-0.0010866369885492262,-0.0010518360351126244,-0.004161873477563394
8482087,-0.04447448353946639,8482087.0,Kaiden Guhle,D,8,-0.016807000683004038,-0.008419423709303726,0.003816887539617357
8482259,-0.0028726904775724016,8482259.0,Bobby McMann,C,10,-0.01696315124239626,0.017092001732231056,-0.004155350804933058
8482720,0.040816199033153415,8482720.0,Matthew Knies,L,10,-0.019281653119877205,0.008654619804467368,-0.012974455106419406
8482737,0.05105187998310633,8482737.0,Zachary Bolduc,R,8,0.01062037822872746,0.026713661563053277,-0.031807657042616976
8482775,-0.031121079091458448,8482775.0,Oliver Kapanen,C,8,0.0026086763087590985,0.027961023567413517,0.023290568112895375
8482964,-0.02575025285077732,8482964.0,Arber Xhekaj,D,8,-0.007677439809046837,0.007092148937806447,-0.012497909128183844
8483457,0.03985223668844302,8483457.0,Lane Hutson,D,8,-0.03880776068529265,0.06309150901029148,-0.03959159994378849
8483515,0.028717898502879147,8483515.0,Juraj SlafkovskÃ½,L,8,-0.08789693726130784,0.07592247307457421,-0.04078014623962065
8484984,0.009571387417830958,8484984.0,Ivan Demidov,R,8,-0.029823190696605082,0.045258509942215946,-0.023990536399949847
8471214,0.03316854500882704,8471214.0,Alex Ovechkin,L,15,-0.013786666671078538,0.050591681339914964,-0.030141985071125723
8474590,0.10825932034039923,8474590.0,John Carlson,D,15,-0.035495210223509634,0.03067229710987179,0.02920596314241332
8475343,-0.033696350687528166,8475343.0,Nic Dowd,C,15,-0.01862942778254073,-0.017393202238483493,0.05540660959407718
8476374,-0.010762945053712966,8476374.0,Sean Kuraly,C,6,-0.020581605374391267,-0.037765913125926504,0.0676535563258229
8476854,0.027722406505358097,8476854.0,Hampus Lindholm,D,6,-0.013631470749536934,-0.027615105239764466,0.011739388795145663
8476880,0.10433866562467171,8476880.0,Tom Wilson,R,15,0.030766068481973396,0.0645266054258042,-0.006223402013424409
8477496,-0.00565711160271674,8477496.0,Elias Lindholm,C,6,0.012033631806196151,0.026782909946334307,-0.0022109348553696192
8477507,-0.009858091001474015,8477507.0,Nikita Zadorov,D,6,-0.010946370282028417,-0.0299390710370244,0.08028829247763994
8477845,-0.0005528580471762907,8477845.0,Trevor van Riemsdyk,D,15,0.01720490864305993,-0.01325702318983702,0.028017245970125473
8477956,0.00739861546988973,8477956.0,David Pastrnak,R,6,-0.0023300257730260146,0.0517516522944615,-0.05004084631381937
8478042,-0.013047989293906744,8478042.0,Viktor Arvidsson,L,6,-0.032192023139119785,0.04701687364701499,-0.0274993077503986
8478401,0.040803570291156624,8478401.0,Pavel Zacha,C,6,-0.03669244703088527,0.022522679781941012,-0.026513915106878286
8478440,0.0500714668302361,8478440.0,Dylan Strome,C,15,-0.02489169300364672,0.06382457256190398,-0.038656935265927464
8478463,0.004349403046555445,8478463.0,Anthony Beauvillier,L,15,-0.044870973015338496,-0.013503642712736632,0.02730369358868897
8478911,0.05729926736725184,8478911.0,Matt Roy,D,15,0.021193347023660904,-0.017485601980560955,0.0359375849666087
8479325,0.0342552019690053,8479325.0,Charlie McAvoy,D,6,0.014065926694574672,0.016825167167369003,-0.01546794807070936
8479345,0.10301564057776015,8479345.0,Jakob Chychrun,D,15,-0.002398860056476942,0.07910972352074631,-0.049939139856302654
8479369,0.00616479052230696,8479369.0,Andrew Peeke,D,6,0.019819549288883055,-0.021345810690030557,0.11679598796282031
8479400,-0.009365671043101946,8479400.0,Pierre-Luc Dubois,L,15,0.010296757198978827,0.0018532635499040938,-0.009200905634207602
8479520,-0.02374784607356702,8479520.0,Brandon Duhaime,R,15,-0.0013982567656524434,-0.013248576399397367,0.0692477436965328
8479591,-0.010879308400438924,8479591.0,Michael Eyssimont,C,6,-0.00380902584854533,-0.0018121720251181189,-0.012408940616599563
8479661,0.03624383772065072,8479661.0,Tanner Jeannot,L,6,0.0345292581235421,-0.010699297373297195,0.05613824442819331
8479987,0.002345439437022222,8479987.0,Morgan Geekie,C,6,-0.015169274120888192,0.03725908367412064,-0.03422961199235423
8479999,-0.012388951594240223,8479999.0,Casey Mittelstadt,C,6,-0.025026118601634617,0.028504618339790937,-0.007498982500247228
8480035,-0.01149015832616179,8480035.0,Henri Jokiharju,D,6,-0.03345212721180375,-0.003680829185857517,0.003445588441844192
8480355,-0.0238324601072046,8480355.0,Mark Kastelic,C,6,-0.011785878735249479,-0.021777172033774297,0.03717897182746713
8480796,0.1057152828095352,8480796.0,Martin Fehervary,D,15,0.011123462083256165,-0.034791578665684546,0.08435256263510861
8480873,-0.015393353667726659,8480873.0,Rasmus Sandin,D,15,-0.012956003931435072,-0.013860300332477623,0.04466458100644102
8481580,0.03414230456185553,8481580.0,Connor McMichael,C,15,0.04082302671242022,-0.04063358400243338,0.004535715988020926
8481656,0.10590337844324099,8481656.0,Aliaksei Protas,C,15,0.0555983876032168,-0.010850875301120343,0.04454497126472804
8482088,0.050625490250005754,8482088.0,Justin Sourdif,R,15,-0.054982646082476744,-0.0030125907305668495,0.004403382147614791
8482148,0.10547923637590075,8482148.0,Hendrix Lapierre,C,15,0.0319168595926473,-0.003634467678141498,0.015286436656562156
8482177,-0.01596175759675659,8482177.0,Marat Khusnutdinov,C,6,-0.04129991315297252,0.0221442714712499,-0.028702202835358254
8482511,-0.054321431111476665,8482511.0,Mason Lohrei,D,6,0.02514246025915825,0.02573913132108692,-0.017745309485872725
8483489,0.024820872371314504,8483489.0,Fraser Minten,C,6,0.04522138611736228,-0.011943941522004156,0.05930424435560452
8484186,0.060750195968701244,8484186.0,Ryan Leonard,R,15,0.05572019310880134,-0.01241985663244366,0.012601018495104218
8474150,-0.029975728611604833,8474150.0,Mikael Backlund,C,20,-0.10509155035094347,-0.008644630849218913,-0.0008256767042914633
8474641,-0.06334397345111689,8474641.0,Adam Henrique,C,22,0.004888590152572879,-0.015138866486530018,-0.008495185965902584
8475172,0.009996383365741173,8475172.0,Nazem Kadri,C,20,-0.01573517658334423,0.05059108219892102,0.0018800143094130253
8475218,0.10512613348467684,8475218.0,Mattias Ekholm,D,22,0.024906935727151688,-0.016996554215546134,0.06015728521827485
8476399,0.00806177769670811,8476399.0,Blake Coleman,L,20,-0.10022974429107878,-0.03868264017284383,-0.01648028262466758
8476454,-0.031060677554602983,8476454.0,Ryan Nugent-Hopkins,C,22,-0.031458684996194655,0.09214697710371385,0.03159931393852267
8476967,-0.07088327090198139,8476967.0,Brett Kulak,D,22,0.02848362574502024,-0.011399117566791538,-0.009608428062666489
8477346,-0.04541252754600418,8477346.0,MacKenzie Weegar,D,20,-0.01971222769917345,-0.028621177700549578,0.02161764535508215
8477498,-0.04486489331647887,8477498.0,Darnell Nurse,D,22,0.04951322735291436,0.0016732431868114767,0.04785006947578144
8477810,-0.025791788294306523,8477810.0,Joel Hanley,D,20,-0.056941062958730124,-0.03149170109595879,0.007182255512089423
8477934,0.09838103283481577,8477934.0,Leon Draisaitl,C,22,0.023836054861123897,0.094011621468959,-0.04765234748047039
8477953,-0.013971870335190891,8477953.0,Kasperi Kapanen,R,22,-0.015213214231402022,-0.0013339337942718348,-0.003294115302962548
8477993,-0.017759860629858404,8477993.0,Justin Kirkland,C,20,-0.008863716676805028,-0.005730237531909481,0.0006664817197279712
8478233,0.003477411671050788,8478233.0,Andrew Mangiapane,L,22,0.020718270297682334,-0.006973223383585378,0.0314201462509065
8478397,0.0003858736879560306,8478397.0,Rasmus Andersson,D,20,-0.033561633487497876,0.02995628080509778,0.006515724113070178
8478402,0.17935473931930823,8478402.0,Connor McDavid,C,22,0.0740660343341157,0.09717547895514538,-0.0503259534242337
8479066,-0.045064681817593516,8479066.0,Ryan Lomberg,L,20,-0.01621138500004119,-0.004483724373171327,-0.0015786014077258548
8479365,-0.017791067588549588,8479365.0,Trent Frederic,C,22,0.022173656709422684,0.006160352038236376,-0.0035710050546532346
8479402,0.03229553381795617,8479402.0,Jake Bean,D,20,-0.025422562934576343,-0.003941651211519681,0.027700224316941434
8480028,-0.02262579819992092,8480028.0,Morgan Frost,C,20,0.030844768609044965,0.051738489403890336,-0.027047346012204876
8480797,0.01577388328125893,8480797.0,Joel Farabee,L,20,-0.04666528497762866,-0.008010455137486742,0.03768241204059129
8480803,0.17579653694511324,8480803.0,Evan Bouchard,D,22,0.018836588006363588,0.08972192790275374,0.020640615703229934
8480831,-0.05011096806275976,8480831.0,Alec Regula,D,22,-0.012774058646269886,0.0021983604108895254,-0.007353839875313323
8480834,-0.02026040928586441,8480834.0,Ty Emberson,D,22,-0.006905532173283014,-0.013043814137435616,0.008187906854929202
8480860,0.0025647390038092276,8480860.0,Kevin Bahl,D,20,-0.025525067565274128,-0.009797749168735005,-0.005159564887253304
8481068,-0.035287501371856864,8481068.0,Yegor Sharangovich,C,20,0.010750392000816332,-0.0246993559839267,-0.01229857428088266
8481167,-0.0362042838352536,8481167.0,Brayden Pachal,D,20,-0.04268670844534448,-0.010380066565660614,0.005997283378290827
8481491,-0.05124544032141058,8481491.0,Noah Philp,C,22,-0.00881038854511701,-0.000766184698694276,0.020720856632692953
8481617,0.013511814247048755,8481617.0,Vasily Podkolzin,R,22,0.042118195231331285,-0.0035566340683803902,0.03981052696190391
8482074,-0.04794561514039254,8482074.0,Connor Zary,C,20,-0.06469808257231185,-0.011024280044817062,0.026517140750333203
8482679,-0.016326538052311282,8482679.0,Matt Coronato,R,20,0.028745981005567516,0.04304503231971998,0.0034147303053091538
8483455,-0.039036488325324595,8483455.0,Isaac Howard,L,22,-0.013694008179185287,-0.008814000033859237,-0.002570134626970518
8483512,0.010350453198742463,8483512.0,Matt Savoie,C,22,0.0833773469631061,-0.006623626165973845,0.015555346923173738
8483609,-0.02973459353526023,8483609.0,Adam Klapka,R,20,-0.03145638240197298,0.006681143109988159,0.02717146064472969
8484860,-0.01789695757091325,8484860.0,Matvei Gridin,R,20,0.002445779634469788,-0.01208249372807498,-0.0039004713155829577
8485493,-0.008878527783158955,8485493.0,David Tomasek,R,22,-0.00813013615414181,0.07092811043298948,-0.014244174875621364
8475188,-0.04510609243436767,8475188.0,Brayden McNabb,D,54,-0.048743350422811076,-0.021129555683647487,0.005003098692868175
8475191,-0.0067214671234928376,8475191.0,Reilly Smith,R,54,0.019793825656982872,0.003786865451911318,0.006695509074555531
8475913,0.0007241241654343523,8475913.0,Mark Stone,R,54,-0.010612206221618231,-0.010973442688185469,-0.029453256338169097
8476438,-0.007803105497368338,8476438.0,Brandon Saad,L,54,-0.010503953003929723,-0.014708164840165615,0.00769649018172167
8476448,0.0009583300564232257,8476448.0,William Karlsson,C,54,-0.015133648300757047,-0.008291319388790384,0.026238403910452006
8476881,0.03680009593776911,8476881.0,Tomas Hertl,C,54,-0.018898412721192265,0.03578724758804223,-0.05155041238504476
8476925,-0.049911934353755696,8476925.0,Colton Sissons,C,54,-0.008893575895535067,-0.003955183206223011,0.0008159425565492061
8477447,0.04955256991512028,8477447.0,Shea Theodore,D,54,0.012814671041916853,-0.00979093752094061,-0.001640108551437959
8477964,0.01578485167539391,8477964.0,Ivan Barbashev,L,54,-0.015896159080507236,0.010035266474788694,-0.0005911902534416695
8478396,0.034957280028974816,8478396.0,Noah Hanifin,D,54,0.012123983592882493,-0.003612210132848699,-0.011255013392322087
8478403,0.09379979897820717,8478403.0,Jack Eichel,C,54,0.04013865300822701,0.02042088391131326,-0.0642392147241457
8478434,-0.04798206889876562,8478434.0,Keegan Kolesar,R,54,-0.022802083111346082,-0.0036985579103526968,-0.003948865537807766
8478468,-0.003396906025361041,8478468.0,Jeremy Lauzon,D,54,-0.04989827311705958,0.0055554369604595335,0.01938379830917236
8478483,0.056976621199388885,8478483.0,Mitch Marner,R,54,-0.03780758585408979,0.0029745386123493753,-0.06449372276375406
8479353,-0.005799931467580434,8479353.0,Brett Howden,C,54,0.022090284678897208,-0.01428974385676985,-0.00388965685213368
8480727,0.04281599878733309,8480727.0,Zach Whitecloud,D,54,-0.036925115975172874,-0.01772594705004769,-0.009590284166646361
8481527,-0.026449339875450104,8481527.0,Kaedan Korczak,D,54,-0.045180110170046944,0.01297774360291017,0.01036945501864569
8481604,0.05293571670763552,8481604.0,Pavel Dorofeyev,R,54,-0.034071488085142605,0.0176539372059476,-0.051820894880262564
8481568,-0.09295503017284026,8481568.0,Alex Vlasic,D,16,0.02311323039667651,-0.05586595288728304,0.0002723677714279845
8481806,-0.0263974558262368,8481806.0,Louis Crevier,D,16,0.029894365706631187,-0.01953565557882952,0.018648033439518742
8475722,0.014551492451881955,8475722.0,Jason Zucker,L,7,0.00253950822037251,0.06373867301605389,-0.00859332366368354
8477419,-0.013129323142978057,8477419.0,Mason Geertsen,L,7,-0.00435423134921611,-0.00021130550572640364,-4.809804415042304e-05
8477949,0.027733747374169712,8477949.0,Alex Tuch,R,7,0.0038241111141422575,0.014535106294130757,0.02095028181164303
8479359,-0.033778966147172095,8479359.0,Beck Malenstyn,L,7,-0.0015907201317550683,-0.027003011032472442,0.012497533218323377
8479420,0.03193959628658189,8479420.0,Tage Thompson,C,7,0.04903220570272845,0.05197765996986481,-0.031951663427213256
8479941,-0.030367264153505172,8479941.0,Justin Danforth,R,7,0.0039522943828921775,-0.006497132816064697,0.005261174018575334
8479982,-0.03665630241612821,8479982.0,Conor Timmins,D,7,0.04944882114720306,-0.05374556221290794,0.03269241612913011
8480064,0.010098003184997751,8480064.0,Josh Norris,C,7,-0.015439427986780233,0.015956813407042022,-0.0032048605782346363
8480196,0.007102328841913851,8480196.0,Jacob Bryson,D,7,-0.0003068029331253149,-0.00423315911003728,-0.002940554480411659
8480802,0.024252863443466072,8480802.0,Ryan McLeod,C,7,0.023259687496130232,0.02033913846221454,0.01150445846923894
8480807,-0.0034730937579787818,8480807.0,Mattias Samuelsson,D,7,-0.056617900140370866,-0.048925086467590445,0.031036441831941115
8480839,-0.03847000351276287,8480839.0,Rasmus Dahlin,D,7,-0.015416243286424788,0.02611465550560577,0.0070069831139462704
8481522,-0.07552070671099104,8481522.0,Peyton Krebs,C,7,-0.012860009657292283,0.000791755079601538,-0.00012775857591031274
8481524,-0.030807397924116197,8481524.0,Bowen Byram,D,7,0.02421010432819202,0.046593502198239364,-0.006063581906744086
8481564,0.0026901672612411743,8481564.0,Ryan Johnson,D,7,0.007031131487092775,0.0,-0.0026033330523670332
8482097,0.014770074890883701,8482097.0,Jack Quinn,R,7,0.027976878311367435,0.012201998908302217,-0.0204901574500281
8482659,0.030715283781950105,8482659.0,Josh Doan,R,7,-0.02353631421352299,0.048115294736451854,-0.013965872528090317
8483468,-0.03812843025538545,8483468.0,Jiri Kulich,C,7,0.02884160598786511,-0.005589611947411968,-0.00985628245117784
8474141,0.028825226284055695,8474141.0,Patrick Kane,R,17,0.03978905819348774,0.03854280713101932,-0.020068990624031342
8474612,-0.01784790510852585,8474612.0,Travis Hamonic,D,17,0.006853646263297279,-0.006441737884855584,-0.00048202477996229056
8475279,-0.025400737380620358,8475279.0,Ben Chiarot,D,17,0.00409782556764228,-0.030001878164683686,0.005556624194010384
8477429,-0.01696462649151945,8477429.0,Andrew Copp,C,17,-0.03798253644107963,-0.027071485840646295,0.019715118792533563
8477456,0.025713474686861186,8477456.0,J.T. Compher,L,17,0.016444036632235405,-0.03923516806730304,0.0430336520338775
8477946,0.059116183122075644,8477946.0,Dylan Larkin,C,17,-0.023676935989333323,0.03449336482927236,-0.033841928358961486
8478891,-0.0643957961822496,8478891.0,Mason Appleton,C,17,0.022147226997848497,-0.023762702058405947,0.004561902136904622
8479337,0.07052806832556291,8479337.0,Alex DeBrincat,R,17,0.021386975674676855,0.04687173492896649,-0.04742295043265878
8479992,-0.015453606957433039,8479992.0,Michael Rasmussen,C,17,0.00622233040555573,-0.02125233432442866,-0.008028350770276742
8481542,0.06467171760858731,8481542.0,Moritz Seider,D,17,-0.07563533884982089,0.04285859070975354,-0.01968471664063315
8481607,0.06706956548258128,8481607.0,Albert Johansson,D,17,0.07437283952227661,-0.01932705969376318,0.010504223788844469
8481725,-0.023194708248562734,8481725.0,Elmer Soderblom,L,17,-0.0038424362642140394,-0.002347235129295258,0.004974946383889514
8482078,0.06718792753463425,8482078.0,Lucas Raymond,L,17,-0.05099307984466934,0.05617872778843139,-0.03992382085708511
8482762,-0.0021841834879078505,8482762.0,Simon Edvinsson,D,17,-0.037974571430351545,-0.027144548981734157,0.03108627556730812
8483464,-0.005994086479844615,8483464.0,Marco Kasper,C,17,0.01169927762636092,-0.010937697535828945,-0.01984013789023894
8484223,-0.04007766333807063,8484223.0,Axel Sandin-Pellikka,D,17,0.037995688667869905,-0.03646791838838983,-0.003533301237825932
8484471,0.017343222390861324,8484471.0,Emmitt Finnie,C,17,0.022769373994118308,0.0033217983661821163,-0.02271428983776454
8484794,0.03632774924285463,8484794.0,Michael Brandsegg-NygÃ¥rd,R,17,-0.031059707123635188,-0.008800933449313602,0.004103114909323913
8473512,0.04911498227125759,8473512.0,Claude Giroux,R,9,-0.04313601737851627,-0.023843902514369995,-0.02938517342923101
8474102,-0.03648752752766822,8474102.0,David Perron,L,9,-0.04972871211532936,-0.008034875556030266,-0.021360552220666035
8474151,-0.004684989807798714,8474151.0,Ryan McDonagh,D,14,0.0261146476634838,-0.030136732245505244,0.04825273634421943
8474189,-0.031225338913709023,8474189.0,Lars Eller,C,9,-0.046913772252924126,-0.005303191774241095,-0.0019019083368079098
8475167,-0.005709877777552748,8475167.0,Victor Hedman,D,14,0.030391322288362357,-0.015392178019002662,-0.027579647409099586
8475324,0.021260481520288116,8475324.0,Nick Jensen,D,9,-0.0002397446750799621,-0.01938788864963319,0.005616886706080193
8476393,-0.07336357582115317,8476393.0,Nick Cousins,C,9,-0.05436989540743793,-0.00176223759991788,-0.0010827994137032216
8476453,0.05524400756343693,8476453.0,Nikita Kucherov,R,14,0.06401195000718488,0.02089475234007287,-0.017507228547578958
8476826,-0.018468899123973377,8476826.0,Yanni Gourde,C,14,-0.015223121821276619,-0.025958841992249602,0.021170018360325355
8477073,-0.020289159317864663,8477073.0,Kurtis MacDermid,L,9,-0.002925021474339279,0.0,0.0
8477404,0.010602609685805335,8477404.0,Jake Guentzel,C,14,0.016745504976138782,0.006701526564353514,-0.048232150886801134
8477416,-0.007266937713498693,8477416.0,Oliver Bjorkstrand,R,14,-0.02693764928324915,0.05393289070714514,-0.015040653684834652
8478010,-0.012600562969648624,8478010.0,Brayden Point,C,14,0.019238355535184153,0.017204510426508515,-0.02211125529367043
8478020,-0.018885718633220104,8478020.0,Michael Amadio,R,9,-0.06014974122651453,-0.012486729234709677,0.004271164495414041
8478178,0.03647758886558773,8478178.0,Darren Raddysh,D,14,0.03086003736429335,0.017994948926338506,-0.01660452672323229
8478416,-0.009843348024255925,8478416.0,Erik Cernak,D,14,0.0037624074870154954,-0.03677260729627255,0.07909197962190706
8478469,0.025683369730677343,8478469.0,Thomas Chabot,D,9,0.02555577967673965,-0.015569372082634545,-0.019682464704286716
8478519,0.015088465792027304,8478519.0,Anthony Cirelli,C,14,0.044595865254183915,-0.04316220706143262,-0.004162724561468972
8479542,0.10651851564027777,8479542.0,Brandon Hagel,L,14,-0.022690317014128984,-0.054707272870479697,0.03889409760407897
8480188,-0.001265997001602062,8480188.0,Fabian Zetterlund,L,9,0.004221068518521149,-0.01188443970403128,-0.014076980496899472
8480801,0.02914347121437414,8480801.0,Brady Tkachuk,L,9,-0.00913705998193237,-0.0001955527860569574,-0.016023080584707458
8480876,0.03197058679779428,8480876.0,Curtis Douglas,C,14,-0.021104005709293668,0.0,-0.00013995295248465716
8480995,-0.021393890810937878,8480995.0,Pontus Holmberg,R,14,-0.03613463278555414,-0.005925788334433633,-0.0016391722521023823
8481528,-0.005409094988467231,8481528.0,Dylan Cozens,C,9,-0.01914931361205449,-0.016743604348615358,-0.03857512514164357
8481596,0.032329670417921764,8481596.0,Shane Pinto,C,9,-0.01825206430102518,-0.03039312172595501,-0.023677876282745248
8481719,0.003134540355258661,8481719.0,Max Crozier,D,14,-0.03629750109120281,0.011571257237920685,-0.014113859660025966
8482070,-0.012352244059052267,8482070.0,Mitchell Chaffee,R,14,-0.006194297880631499,-0.008424961637752542,-0.0035578806387945284
8482092,-0.004368466441196078,8482092.0,Ridly Greig,C,9,0.012707023527443495,-0.029824878341687854,-0.0005282674928543334
8482105,0.002400554755846254,8482105.0,Jake Sanderson,D,9,-0.09581069114692017,-0.04863451902887403,-0.032068375636089344
8482116,-0.023275184628832296,8482116.0,Tim StÃ¼tzle,C,9,-0.0436140049552949,-0.022479300881748227,-0.049406004994238084
8482131,-0.023551816189787265,8482131.0,Donovan Sebrango,D,9,-0.01603123883639426,0.002377103175597702,-0.002672177148541627
8482201,-0.023678655479838488,8482201.0,Gage Goncalves,C,14,-0.030296959215551325,-0.0009629905749147996,-0.012645108453043579
8482245,-0.056097665521987715,8482245.0,Artem Zub,D,9,-0.04809157300019379,-0.026803642605674884,0.003966610921588889
8482929,-0.024990392930721174,8482929.0,Emil Lilleberg,D,14,-0.011867917555628844,-0.023005876125937075,-0.0019309268149644283
8483447,-0.017423580891978242,8483447.0,Conor Geekie,C,14,-0.020266605588963836,-0.00044467560157414446,-0.0006876693575884542
8484321,-0.00661761206267433,8484321.0,Nikolas Matinpalo,D,9,-0.041525726740446516,-0.00940142108568868,0.01791147154150024
8475235,-0.02020587461764405,8475235.0,Nicolas Deslauriers,L,4,-0.03765592971053713,-0.0001572405873601132,0.0
8476372,-0.05957613434674483,8476372.0,Nick Seeler,D,4,0.011693798162896944,-0.03496144225507759,0.041944097731257186
8476461,0.024458326885876416,8476461.0,Sean Couturier,C,4,0.009815241643193516,-0.005564499003917887,0.04601090363606115
8477903,-0.06060269071608266,8477903.0,Garnet Hathaway,R,4,-0.013957019182055542,-0.007271572214534346,0.024716488030860313
8477948,0.03979384011768406,8477948.0,Travis Sanheim,D,4,-0.023786063272713397,0.0028956438390003807,0.07093998961413722
8477989,0.010733644787088659,8477989.0,Christian Dvorak,C,4,0.017904494323470917,-0.02320443544783736,0.0883845608993247
8478439,-0.022157959320171557,8478439.0,Travis Konecny,R,4,0.014896629320031577,0.026205977905190907,0.007127962713169762
8478454,-0.03376303473727533,8478454.0,Noah Juulsen,D,4,0.0021293381378176056,-0.007271018086127265,0.029929082576487576
8479022,-0.029415176409914326,8479022.0,Rodrigo Abols,C,4,-0.0044632062246295874,0.0035817007402068413,0.005451217705881623
8480015,0.026922155665447686,8480015.0,Owen Tippett,R,4,-0.0075123740326070365,0.0035657936192867164,-0.024155207930112197
8480220,-0.011053052131182314,8480220.0,Noah Cates,L,4,-0.01650995510687171,0.02388177626613869,-0.0094346779991114
8480874,-0.009611225488605293,8480874.0,Adam Ginning,D,4,-0.002489040596908556,-0.004000480289542343,0.03507794174379108
8481178,0.016290734565763625,8481178.0,Egor Zamula,D,4,-0.002833260025016618,-0.001723108245334342,-0.0034295593507024315
8481533,0.014164550905247797,8481533.0,Trevor Zegras,C,4,-0.015738556629995213,0.05346335337453506,-0.02713163932026861
8481553,-0.015931271026527204,8481553.0,Bobby Brink,R,4,0.014570173169841334,0.013837227087338068,-0.0020361004020775565
8482142,-0.04354602680045392,8482142.0,Jamie Drysdale,D,4,-0.005885744530501759,0.009414732254242586,-0.020471064599124515
8482159,0.006936340307202634,8482159.0,Tyson Foerster,R,4,-0.04266512307967988,0.0259861195922403,0.018755581347755203
8484387,0.015509967826941033,8484387.0,Matvei Michkov,R,4,-0.0008435059433289735,0.016036899465257153,0.010315633875334709
8475151,-0.0054835611563170735,8475151.0,Kyle Palmieri,C,2,0.02163235205158378,0.11717614002008973,-0.03480105426957999
8475231,-0.029391561624874312,8475231.0,Casey Cizikas,C,2,-0.019558967126721928,-0.007607290878632713,0.01699970488945921
8475314,0.053653632699545685,8475314.0,Anders Lee,L,2,-0.016978782589462893,0.06653676214029573,-0.03408505287371457
8476419,0.020207824604158653,8476419.0,Jean-Gabriel Pageau,C,2,0.07122154783886603,0.0042930950022801685,0.12299903328377317
8476429,0.027349046433005432,8476429.0,Scott Mayfield,D,2,-0.008145353583669884,-0.01218491563979379,0.007577437975397901
8476917,0.05206170729090319,8476917.0,Adam Pelech,D,2,-0.002804056667751968,-0.03032248896429761,0.10472289754648335
8477407,-0.05740728830903973,8477407.0,Anthony Duclair,L,2,0.00412178205098798,0.03861230869918168,-0.01152120508472504
8477494,0.015731433517404535,8477494.0,Jonathan Drouin,L,2,-0.06618275115094292,0.08467460899167856,-0.05943505721098629
8477500,0.06894633856324993,8477500.0,Bo Horvat,C,2,0.05545202902964793,0.09414131300684292,0.0030630245642742867
8477506,-0.020763897459080624,8477506.0,Ryan Pulock,D,2,-0.013051116687756228,-0.03365963306844613,0.0741255573043765
8477950,0.03533326956080424,8477950.0,Tony DeAngelo,D,2,0.039715770378441775,0.04027764047272344,-0.03604786550868984
8478445,0.08026790690139042,8478445.0,Mathew Barzal,C,2,-0.09167138475035534,0.1503172739402526,-0.05925917898890306
8480842,0.0014875766216292511,8480842.0,Filip Hallander,C,5,0.0333129537124151,-0.006019622374803343,0.008274874110926124
8481014,-0.021712006656626794,8481014.0,Alexander Romanov,D,2,0.058390977579173275,-0.007247177532691469,0.022174891539419313
8481601,0.020864586719054327,8481601.0,Simon Holmstrom,R,2,0.0495067558806088,0.021030043179129196,0.05095219281536058
8482476,0.02948878453866073,8482476.0,Emil Heineman,L,2,0.06218059235183471,0.008459341161515489,-0.0035805316539779296
8484958,-0.026349617099060342,8484958.0,Maxim Tsyplakov,R,2,0.002547514265753115,0.0023737431368538522,0.012101487103786645
8485366,0.040449585156036874,8485366.0,Matthew Schaefer,D,2,-0.043393929416729406,0.10972321920459348,0.021948692269246336
8485702,0.007503377786202552,8485702.0,Max Shabanov,R,2,0.024319126460037473,-0.0009795728452231273,-0.01250026780628814
8473533,0.032792815844073064,8473533.0,Jordan Staal,C,12,0.014628829657880383,0.00844943755858511,0.056951132424445425
8474149,-0.02611285105734676,8474149.0,Evgenii Dadonov,L,1,0.02792496094169824,-0.00333876610515725,-0.0020294163930633046
8475455,-0.0016692410251980326,8475455.0,Brenden Dillon,D,1,0.03967539276577731,-0.018835033520149057,0.010879371523945162
8475791,0.00019971989572373333,8475791.0,Taylor Hall,L,12,-0.024965176577567336,0.016892073796874733,-0.013123627890526703
8476292,0.01576689652208391,8476292.0,Ondrej Palat,L,1,-0.004857916144934513,-0.00435349195684295,-0.02082559317803663
8476462,-0.04755005829985863,8476462.0,Dougie Hamilton,D,1,0.021126459407404485,0.06077779066734591,-0.02773165617560528
8476822,-0.05264840796443831,8476822.0,Luke Glendening,C,1,-0.011458773972949381,-0.023339540180874266,0.017703610602657127
8476906,0.1586236445175924,8476906.0,Shayne Gostisbehere,D,12,-0.03537575051848994,0.05432042516232793,-0.024119655995688438
8476921,0.044016821687291756,8476921.0,Jordan Martinook,L,12,0.03406372569390176,0.005733338936318301,0.05980144612900383
8476958,-0.0038455757226345537,8476958.0,Jaccob Slavin,D,12,-0.014670810655382834,-0.004455680369696508,-0.008586081200121951
8477015,-0.03916353387229167,8477015.0,Connor Brown,R,1,0.02659287258139733,-0.027990391345247577,0.014980383016007796
8477478,0.037485093925833476,8477478.0,William Carrier,L,12,0.01730273381635636,-0.0046395010395970165,0.0
8477488,-0.004929526197123862,8477488.0,Brett Pesce,D,1,-0.03148503784173622,-0.00834499620585245,0.013935430429514332
8477940,0.01345519350740783,8477940.0,Nikolaj Ehlers,L,12,-0.0566154109684441,0.0390795910737761,-0.04043319036982494
8478399,-0.10015283376148629,8478399.0,Jonas Siegenthaler,D,1,-0.000978252974728906,-0.020883465015401368,0.0032528576102085743
8478414,0.02076141457429087,8478414.0,Timo Meier,R,1,0.03313477291221432,0.05134793631695838,-0.028871714338953216
8478427,0.05517186295809446,8478427.0,Sebastian Aho,C,12,-0.00591492532969602,0.04295627200709329,-0.042169653242436565
8478970,-0.0044652837276529505,8478970.0,Jalen Chatfield,D,12,0.028354655410348914,0.02003757793678655,0.05164283055371372
8479407,0.0638530552087017,8479407.0,Jesper Bratt,L,1,-0.004552357514271449,0.09269590854003047,-0.04133047355133104
8479996,-0.0128176973362152,8479996.0,Cody Glass,C,1,0.02262834658082146,0.0024311178852288854,-0.00858201870469715
8480002,0.01857214299375805,8480002.0,Nico Hischier,C,1,0.05347856739021001,0.0830432437595784,-0.032398722786059
8480336,0.01628825297721117,8480336.0,Sean Walker,D,12,-0.014096296447228809,0.0171671697872953,0.0013374185321469814
8480762,0.0217373540807135,8480762.0,Eric Robinson,L,12,-0.013774299303982563,-0.0038326687432685314,-0.005287983889478978
8480817,-0.008241175662429531,8480817.0,K'Andre Miller,D,12,-0.05463901173592551,0.03286997356965187,-0.0025511628940066747
8480829,0.016636374096594624,8480829.0,Jesperi Kotkaniemi,C,12,0.006297668586724742,-0.011179039626487199,-0.008299822988152848
8480830,0.07177682568963234,8480830.0,Andrei Svechnikov,R,12,0.011956010620704519,0.04271387107971972,-0.040611972023361316
8481032,-0.0902953625057628,8481032.0,Paul Cotter,L,1,0.04739539373301848,-0.0020495545414485755,-0.006042486870186329
8481559,0.011101532719943673,8481559.0,Jack Hughes,C,1,-0.02671185951568056,0.043617970062252466,-0.014958818484157916
8481721,0.01594326290918427,8481721.0,Arseny Gritsyuk,R,1,0.005943192089748904,0.017154719006262302,-0.02083039887542896
8482093,0.030075993241069472,8482093.0,Seth Jarvis,C,12,-0.011345937119847898,0.043806938934572076,-0.0391579398964159
8482100,0.08268358200383236,8482100.0,Alexander Nikishin,D,12,-0.0033743275462626058,-0.017069103782764702,-0.0021063735216712547
8482110,-0.01724069451533533,8482110.0,Dawson Mercer,C,1,0.04479980390221388,0.09917277247709667,-0.02737181102932243
8482684,0.05057841351987797,8482684.0,Luke Hughes,D,1,0.048996953556964526,0.008768787651928582,-0.029108267151958883
8482702,0.051233290880199664,8482702.0,Logan Stankoven,C,12,-0.03330726249645549,0.01892685318611654,-0.01756303966337992
8482809,0.05156646162634481,8482809.0,Jackson Blake,R,12,-0.032706544348032,0.02034818408729396,-0.02012388489401148
8483495,-0.03219718934447183,8483495.0,Simon Nemec,D,1,0.026705759145074982,0.017611101198018463,-0.016163425463227566
8474567,-0.006514205384751063,8474567.0,Zach Bogosian,D,30,-0.015408269254539603,-0.010605559164675685,0.008308208782168817
8474716,0.01330631191328861,8474716.0,Jared Spurgeon,D,30,-0.0024036009927697263,-0.046266617304059746,-0.005843746685034243
8475149,0.046417324783761184,8475149.0,Marcus Johansson,L,30,0.0173731136410552,-0.021912505023378163,-0.021645233124661267
8475170,-0.028001828827719562,8475170.0,Brayden Schenn,C,19,-0.010864614853242178,-0.018714906309618237,-0.025342618349695756
8475220,-0.01913100829983217,8475220.0,Marcus Foligno,L,30,-0.019658624122587107,-0.027379720205167168,0.002846403551094086
8475753,-0.04202919941583684,8475753.0,Justin Faulk,D,19,-0.05310448932203968,-0.020080466736764092,-0.018474827286013552
8475760,0.0068038632735856665,8475760.0,Nick Bjugstad,C,19,-0.015728387156471593,-0.009660856966049432,0.008031108534741408
8475764,-0.016711431451216195,8475764.0,Cam Fowler,D,19,0.05057912786564336,-0.012667751067601778,0.013234192430872252
8475765,-0.027026715686026975,8475765.0,Vladimir Tarasenko,R,30,0.011225788869484289,0.0343866840942808,-0.02731569519649528
8476892,0.01961223422643647,8476892.0,Colton Parayko,D,19,-0.0016214571917418266,-0.02642958372820471,0.009600421096522548
8476994,-0.04917498682422487,8476994.0,Vincent Hinostroza,C,30,0.013408171756306856,-0.012595150597923722,-0.005676941108518132
8477402,-0.022835170648652422,8477402.0,Pavel Buchnevich,L,19,0.02854548542619677,-0.027534207443929003,-0.01899742676800148
8477451,0.017709851491626485,8477451.0,Ryan Hartman,R,30,0.0019463149537303735,-0.0014765307709058307,-0.006202686083976216
8477573,0.004865919458381899,8477573.0,Nathan Walker,L,19,-0.00674880801525599,-0.00796195471265949,0.012196368626194326
8478136,-0.015858049466139935,8478136.0,Jake Middleton,D,30,-0.006686516523688874,-0.03957998339474174,-0.006034417044738069
8478472,0.02804777097458737,8478472.0,Mathieu Joseph,R,19,-0.002520609599131776,-0.0019365846931927936,0.0008539030163618789
8478493,-0.04088578758335879,8478493.0,Joel Eriksson Ek,C,30,-0.022522854596271822,0.014481947108323272,-0.032287398878316886
8478508,-0.025250250845467996,8478508.0,Yakov Trenin,C,30,-0.017626821095643015,-0.022387967637911278,-0.015555845390376221
8478864,0.02546101780493643,8478864.0,Kirill Kaprizov,L,30,-0.07685006066801452,0.06357598486216776,-0.045559416407137114
8479385,0.01084713781435976,8479385.0,Jordan Kyrou,R,19,-0.08737094461380862,-0.020445967882168094,-0.0399825042311017
8480023,-0.042162576628250216,8480023.0,Robert Thomas,C,19,0.03315265036213206,-0.027982438268653063,-0.00821842224496746
8480281,-0.042106396664243276,8480281.0,Alexey Toropchenko,R,19,0.02065528240229542,0.003470585865393676,0.011792684895555955
8480459,0.06999312076445433,8480459.0,Pius Suter,C,19,-0.020398822837469487,-0.01159882026328542,0.0005851772421833306
8481006,-0.02773610056482882,8481006.0,Tyler Tucker,D,19,0.02037055655625512,-0.008049825919129349,0.006453892145771777
8481557,0.00563764710140539,8481557.0,Matt Boldy,L,30,-0.00650601682164885,0.037608000162152995,-0.035659486109303855
8481598,0.05100265569755517,8481598.0,Philip Broberg,D,19,-0.03555920261448038,-0.022998867707620666,0.004864537088210694
8482077,-0.0225831968240455,8482077.0,Dylan Holloway,L,19,-0.007844734003467767,-0.021798463964038114,-0.04129232564902778
8482079,0.05339047982250341,8482079.0,Marco Rossi,C,30,-0.04977838049168616,-0.015968146111327203,-0.00256416393032221
8482089,-0.044935601851687365,8482089.0,Jake Neighbours,L,19,0.027187927572479384,-0.0104965490010693,-0.022509608334911974
8482122,-0.07883742705968724,8482122.0,Brock Faber,D,30,-0.047773842507052265,-0.05047105206275983,-0.010111293598103178
8482733,-0.0370118417450751,8482733.0,Logan Mailloux,D,19,0.01523314032918279,-0.0004989686255243566,0.020690259879491354
8483452,-0.01937163226884376,8483452.0,Hunter Haight,C,30,0.023111719164526087,0.0,0.0
8483460,0.01844439282955494,8483460.0,David Jiricek,D,30,0.01314535526371581,-9.705607682737873e-05,0.0
8483499,-0.07648647010906283,8483499.0,Liam Ohgren,L,30,0.015056221074208776,-0.0025397154156136105,-0.000566188593478376
8483516,0.015187794998145763,8483516.0,Jimmy Snuggerud,R,19,0.06111447039748734,-0.011971168766588453,-0.01777574090712525
8484798,-0.019058571568571495,8484798.0,Zeev Buium,D,30,0.016646855875219264,0.06870305973305833,-0.03540017781478978
8474564,-0.01919074063796757,8474564.0,Steven Stamkos,C,18,-0.029418452833401085,0.029801072023469738,-0.034144529966783306
8474600,0.03563805036129397,8474600.0,Roman Josi,D,18,-0.019929488942630382,0.01542610435400687,-0.018903341102332424
8475158,0.03242419741846828,8475158.0,Ryan O'Reilly,C,18,0.024314374966053945,0.014913121445777805,-0.04933512625068054
8475287,-0.015962083250290717,8475287.0,Erik Haula,L,18,0.015327921493416215,-0.01276739246978444,-0.01033971315833104
8475745,0.06845402832870255,8475745.0,Charlie Coyle,C,29,0.047337764392390416,0.011254417240912274,0.05974449967643325
8475790,0.0016413198758301573,8475790.0,Erik Gudbranson,D,29,0.011545090332206711,-0.015216616641588571,0.023319095400008764
8476432,0.023760433994072645,8476432.0,Boone Jenner,C,29,0.06636979524072685,-0.002077825101723553,-0.0034137770695821866
8476539,0.006425270544640315,8476539.0,Jonathan Marchessault,R,18,-0.01376504525422001,0.02042711837741971,-0.03662644646152729
8476869,-0.018066869256104026,8476869.0,Brady Skjei,D,18,0.03323633690750822,-0.036995613289803914,0.006202666543161994
8476887,0.06296242980616695,8476887.0,Filip Forsberg,L,18,0.005559788010230237,0.02665693865709233,-0.04066762495908171
8476923,0.03591319483902371,8476923.0,Damon Severson,D,29,0.013997987203724813,0.05038633829985831,-0.005886736065178252
8477425,0.014578165335301015,8477425.0,Miles Wood,L,29,0.032616120890774036,0.0005801542064124096,0.02235120211174073
8477446,-0.03681955495509615,8477446.0,Michael McCarron,C,18,0.003495243125832481,-0.04028646983572372,0.020888490556641173
8477497,0.09795949783449054,8477497.0,Sean Monahan,C,29,0.06451853262727109,-0.01745024709835406,-0.026950669303405006
8478047,-0.014286133657317143,8478047.0,Michael Bunting,L,18,0.012705709117449697,0.02100681914887146,-0.009753683611571848
8478460,0.1253421341292737,8478460.0,Zach Werenski,D,29,0.0295857244911155,0.016985324524530117,-0.026864786239296803
8478500,0.05211513108048246,8478500.0,Ivan Provorov,D,29,0.04351459556014113,-0.006686910540304212,0.06688116283699157
8479370,-0.05087799229219172,8479370.0,Tyson Jost,C,18,0.011475103248716178,-0.013575291322203089,0.004376454587541816
8479371,-0.022948296770750835,8479371.0,Dante Fabbro,D,29,0.004236919027062776,-0.013499615016555264,0.041911755673327396
8479671,-0.010129174008152988,8479671.0,Mathieu Olivier,R,29,-0.007091394620276707,-0.0014441524880186673,-0.01043543010165072
8479944,-0.00048616296833995667,8479944.0,Zach Aston-Reese,L,29,-0.022377459166690896,-0.0055161666002874156,0.028268353643691978
8480246,-0.026753956999632185,8480246.0,Nick Perbix,D,18,-0.01938175153912904,-0.04431475059344088,0.025950495890001323
8480806,-0.020908520585522502,8480806.0,Isac Lundestrom,C,29,-0.028726805833035433,-0.010622479804885177,0.008802079850836348
8480893,0.08602734798098674,8480893.0,Kirill Marchenko,R,29,0.064086723122151,-0.0020450375412458207,-0.0484649311958609
8481056,-0.009193695467891741,8481056.0,Spencer Stastney,D,18,-0.013788024661038902,-0.015398078594338017,-0.006325651075777857
8481716,0.002907241035357222,8481716.0,Dmitri Voronkov,L,29,0.0558057127746919,0.01970250456329507,-0.03476772805690657
8482062,-0.02610164266833654,8482062.0,Cole Smith,R,18,-0.007895413471453292,-0.015022297177218294,0.022194651962147555
8482111,-0.007556275198175389,8482111.0,Justin Barron,D,18,-0.04188006657679607,-0.015612373466155802,-0.006969393335190587
8482482,-0.001119328519479696,8482482.0,Adam Wilsby,D,18,-0.0131459632428142,-0.01225390482194562,-0.00842934626718756
8482660,-0.03886072528052235,8482660.0,Kent Johnson,C,29,-0.0330205085162356,0.013781745531515639,-0.024320382746677634
8482705,0.09959517314361906,8482705.0,Cole Sillinger,C,29,-0.034106403849227876,-0.006069557898971375,-0.011092820269001942
8482768,-0.009836402846215623,8482768.0,Fedor Svechkov,C,18,-0.0010522823116287945,-0.0030639559235905553,-0.0035859890688385103
8483465,-0.01423195360457281,8483465.0,Joakim Kemell,R,18,-0.0026791955745032884,-0.00839801246966111,-0.003605664933263403
8483485,0.024774348803477543,8483485.0,Denton Mateychuk,D,29,0.04456426094138353,-0.017156562214314823,0.022170579919817242
8484166,0.01799696131355327,8484166.0,Adam Fantilli,C,29,0.029803839767301794,0.02512173164402229,-0.009242166163676204
8485405,-0.007133662671188603,8485405.0,Brady Martin,C,18,-0.006536813741130845,0.005044526578031235,0.0
8473604,-0.013153291815928284,8473604.0,Jonathan Toews,C,52,-0.03272436518650508,0.011095379213862968,0.017116758466360182
8474568,-0.03761997250187026,8474568.0,Luke Schenn,D,52,0.011325881707196304,-0.00941879504736203,-0.0012016166202370288
8474679,-0.0038911208568360926,8474679.0,Gustav Nyquist,R,52,0.01591929744406452,0.02817255179854483,-0.008399111571818302
8475168,0.0011489730934324401,8475168.0,Matt Duchene,C,25,-0.021304722293980314,-0.001065160285823632,-0.004161391917247726
8475794,-0.0032788638385097654,8475794.0,Tyler Seguin,C,25,-0.009397577449902052,0.01485253250797718,-0.026176503115411764
8475799,-0.028008544716703682,8475799.0,Nino Niederreiter,R,52,-0.00790576640919308,0.01805063823003088,-0.007700909143310899
8476278,-0.04894457738448632,8476278.0,Colin Blackwell,C,25,-0.006494752851372583,-0.008613905082321946,0.06999668365384618
8476331,0.0029637496516255117,8476331.0,Dylan DeMelo,D,52,-0.05702580953944453,-0.021466316816060472,0.02656263724522963
8476460,0.04113943306937068,8476460.0,Mark Scheifele,C,52,0.013484551045408294,0.046590401911395976,0.018135255976361207
8476480,-0.05803813008285191,8476480.0,Vladislav Namestnikov,C,52,-0.020459201053311567,0.018832607140730984,-0.014757491864433104
8476871,-0.017759761616714387,8476871.0,Tanner Pearson,L,52,0.042509854761863385,0.01431572429784822,0.019126846016165728
8476889,-0.06200048295200948,8476889.0,Radek Faksa,C,25,-0.0004611082924906593,0.0076159704280589335,0.042474017342996995
8476902,0.020631222390416832,8476902.0,Esa Lindell,D,25,-0.06137527018700302,-0.008227760232153852,0.0872011376067158
8477504,-0.0067614683872944635,8477504.0,Josh Morrissey,D,52,-0.07067655060943537,0.03921148670382572,0.02137242903158926
8477938,-0.017028984931748647,8477938.0,Haydn Fleury,D,52,0.0574328520854864,-0.02208447859400295,-0.017138349940029492
8478398,0.03389206243695057,8478398.0,Kyle Connor,L,52,0.006806064021527713,0.03461632017178704,0.018649583666368517
8478420,0.06411555937335484,8478420.0,Mikko Rantanen,R,25,0.033760613353253664,0.0684176958715092,-0.04405331493765
8478449,0.00031602322914939333,8478449.0,Roope Hintz,C,25,0.020815790290557107,0.032490735669402256,-0.043308472685474296
8479351,-0.008254598074671632,8479351.0,Sam Steel,C,25,0.0007741880831492881,0.015132651836626106,0.06377187358976374
8479378,-0.03820658842126742,8479378.0,Logan Stanley,D,52,0.03665442303245291,0.0011160987120395363,-0.011641065287433599
8479414,-0.031692216070971765,8479414.0,Nathan Bastian,R,25,-0.0063078146570202534,-0.0007055370176692091,-0.001993390945221944
8480014,0.008694961655567678,8480014.0,Gabriel Vilardi,C,52,0.010471568042843575,0.03547142582434351,0.016631645967684884
8480027,0.0680181455284774,8480027.0,Jason Robertson,L,25,-0.01770989855138787,0.06536721804018131,-0.0608403830079143
8480036,0.06946167418995772,8480036.0,Miro Heiskanen,D,25,-0.0289886401231507,0.06614137553386919,0.010530130597209355
8480113,-0.027549435227548928,8480113.0,Alex Iafallo,L,52,-0.031552451737325925,0.020462841816541576,0.022601802271618374
8480145,-0.010364954431105872,8480145.0,Neal Pionk,D,52,-0.005013226071814482,-0.0002571310332286662,0.042426484274655216
8480289,-0.015077781717610043,8480289.0,Morgan Barron,C,52,0.002921963119658486,-0.015323839243613616,0.017136849033183053
8480878,-0.025409569061468282,8480878.0,Nils Lundkvist,D,25,0.004610464236078989,-0.001312962155601412,-0.002867079859572884
8480950,-0.030878566974956684,8480950.0,Ilya Lyubushkin,D,25,0.00887949859144598,-0.006817152577745223,0.005788760768552945
8481043,-0.01658603176800025,8481043.0,Cole Koepke,L,52,0.026498520971318558,-0.019405377937129747,-0.0027445181377327025
8481581,-0.017870743476620675,8481581.0,Thomas Harley,D,25,0.001896027627585525,-0.007669666245939776,0.010321254543113893
8482145,-0.03997325708203838,8482145.0,Mavrik Bourque,C,25,-0.07451201515802894,-0.006215965705915823,0.018222193260619406
8482740,0.07625835028789528,8482740.0,Wyatt Johnston,C,25,0.05734492818143479,0.05744345846366203,-0.05200051508018626
8482787,-0.02320590089761476,8482787.0,Nikita Chibrikov,R,52,-0.009797724015974778,-0.0010693090437292304,0.0
8483425,-0.06729158192174185,8483425.0,Lian Bichsel,D,25,0.03422286558149385,-0.00555362945400923,0.024865754379225995
8484829,-0.042313997200331764,8484829.0,Justin Hryckowian,C,25,-0.050834328924597376,-0.005344383614437883,0.0038662741479215936
8474013,0.03951252285781771,8474013.0,Ian Cole,D,68,0.019351422475855695,-0.03058763178799324,0.0009898248395284893
8475461,-0.006728267220408926,8475461.0,Andrew Agozzino,L,68,-0.001424966460048223,-0.00018007791213934407,0.00045661601814856974
8476874,-0.0016790776691552318,8476874.0,Olli MÃ¤Ã¤ttÃ¤,D,68,-0.028739120865796688,-0.0017979435415602756,-0.0014510780378734853
8477220,0.04305009063998141,8477220.0,Nate Schmidt,D,68,-0.05569810342019867,-0.03021466450376948,-0.04804796642194373
8477951,0.009356727273463277,8477951.0,Nick Schmaltz,C,68,0.005020612645787781,-0.014392297634259114,-0.08344203479640673
8478474,0.01878449301139309,8478474.0,Lawson Crouse,L,68,-0.007256861979183247,-0.03790353895619827,-0.0032702418468823127
8478507,-0.05902285247073524,8478507.0,John Marino,D,68,-0.025260331043704704,-0.013683537404450738,-0.017268891448503066
8478831,-0.07020137695093759,8478831.0,Kevin Stenlund,C,68,-0.015258345769966418,-0.025354954403756357,0.009723838835160554
8479293,-0.07408695977075969,8479293.0,Brandon Tanev,L,68,-0.01985117261613509,-0.0003978873187900114,-0.008270573488095444
8479343,0.03705722378199393,8479343.0,Clayton Keller,R,68,0.02210624706245929,-0.0001678440377244161,-0.06695707079072154
8479410,-0.01666593814317346,8479410.0,Mikhail Sergachev,D,68,0.02317433942300893,-0.009135547570728967,-0.04735253069950585
8479977,-0.01012307086959529,8479977.0,Kailer Yamamoto,R,68,-0.026159190975000326,0.01162542743152815,-0.017027738594147624
8480434,0.009877588119873121,8480434.0,Sean Durzi,D,68,-0.014328551898652252,-0.0038650634171606187,-0.009464008102682143
8480855,0.030376822607713922,8480855.0,Jack McBain,C,68,-0.015957527031181636,-0.026124009912584883,-0.02720542086075956
8482175,0.015887183415233812,8482175.0,JJ Peterka,R,68,0.01616539350700228,0.003539326794674086,-0.017469127223035567
8482699,-0.003375711372191269,8482699.0,Dylan Guenther,R,68,-0.030504088975028484,0.0003524531320340356,-0.053229322608432425
8483431,0.0444585835575958,8483431.0,Logan Cooley,C,68,0.0089783820893902,-0.01753207056726708,-0.07027885046221195
8484386,-0.06452172528610087,8484386.0,Dmitri Simashev,D,68,0.042270600343560186,-0.00039671904807832547,-0.005721239221899023
8474574,-0.033982467273792484,8474574.0,Tyler Myers,D,23,0.07348100960180352,-0.0105781176866249,0.048361127094128514
8475169,0.03367225543850974,8475169.0,Evander Kane,L,23,0.06817709135244186,0.001393049459858338,-0.0015251149666257644
8475762,-0.01940840444186594,8475762.0,Derek Forbort,D,23,0.004926022280793672,-0.0024582505926000783,-0.0008103014994899669
8477969,-0.06491302334785357,8477969.0,Marcus Pettersson,D,23,-0.012880492415768363,-0.03286718041723728,0.05538686437251593
8478444,-0.007751273957891708,8478444.0,Brock Boeser,R,23,0.0198190420339618,0.08074865875042639,-0.014559751754615057
8478498,-0.04634343076389891,8478498.0,Jake DeBrusk,L,23,0.008938426379917508,0.07645821149260904,0.01678295250202659
8478856,0.04153414987851222,8478856.0,Conor Garland,R,23,0.06105903552631841,0.014626600524080862,0.022656370049044253
8479425,0.001684889856264677,8479425.0,Filip Hronek,D,23,0.05572695707590096,-0.00843022883838026,0.030060298434028764
8480012,0.002398106168556886,8480012.0,Elias Pettersson,C,23,0.028216731151163403,0.07469267152556117,0.019580398146123345
8480078,0.009042316729609578,8480078.0,Filip Chytil,C,23,0.02220408538762518,-0.009997268545687008,-0.0008476490124644333
8480748,-0.055911802389303135,8480748.0,Kiefer Sherwood,L,23,0.04241250070788115,0.04563943627959271,-0.01225384302333874
8480800,0.05147002672589323,8480800.0,Quinn Hughes,D,23,0.056566032023193207,0.0800156824257907,0.0008633588773036805
8482055,-0.04919246306996868,8482055.0,Drew O'Connor,L,23,0.01900626690622287,-0.008788110281037102,-0.023868981161825058
8482691,-0.028925906877683472,8482691.0,Aatu Raty,C,23,-0.010160290202722203,-0.006845309216255673,0.0271066884352279
8483395,-0.032518124971811266,8483395.0,Arshdeep Bains,L,23,-0.03446603813286668,-0.008987001896267319,-0.004264115656062369
8483476,-0.03501870213829836,8483476.0,Jonathan LekkerimÃ¤ki,R,23,0.04082698256891464,0.006282258589929147,-0.0027198853804003865
8483678,-0.07062577579811591,8483678.0,Elias Pettersson,D,23,0.05175260891325144,-0.012238872392278204,-0.015780413595958435
8485385,-0.034810718431014014,8485385.0,Braeden Cootes,C,23,0.04624915793670698,-0.0006417043923849654,-0.0011364081422357796
8471817,-0.03694315921008993,8471817.0,Ryan Reaves,R,28,0.029856519820682163,-0.0009398984672914232,-0.0013035253584379122
8475181,-0.046609971546865706,8475181.0,Nick Leddy,D,28,0.038299990299137145,-0.0009479835847706269,-0.012284843759673845
8475200,-0.03481440706876405,8475200.0,Dmitry Orlov,D,28,0.045495516812288306,-0.028511269554261434,-0.00025404391007979887
8475726,-0.056751466465887294,8475726.0,Tyler Toffoli,C,28,-0.040216832871633704,0.02289228275146707,-0.012353669927041934
8475784,-0.007713849316255459,8475784.0,Jeff Skinner,L,28,0.006768355270323105,-0.010331397129239433,-0.020526640568014988
8475906,-0.05305075749805979,8475906.0,John Klingberg,D,28,0.10476762234324155,-0.0037410037493798734,-0.008431844801576601
8476624,-0.07365547675259608,8476624.0,Barclay Goodrow,C,28,0.05014051708228702,-0.040221174652372876,-0.006839512837358168
8477018,-0.006151923223632324,8477018.0,Ben Hutton,D,54,0.018497248258173487,-0.002134359988858099,-0.00027767039853839195
8477505,-0.06364974250427152,8477505.0,Alexander Wennberg,C,28,-0.02514419648767103,-0.03608537947523404,-0.02208639998829774
8478874,-0.026249106001829493,8478874.0,Adam Gaudette,R,28,0.0037104983132577457,-0.00401106886382781,-0.01540819477961899
8479983,-0.10036739756494263,8479983.0,Mario Ferraro,D,28,0.0007912902885109473,-0.06602905926298192,0.00565992073587509
8480043,-0.07874537127543701,8480043.0,Timothy Liljegren,D,28,0.016275041202265864,-0.01839709153166411,0.03510213264061994
8480798,-0.03558938049229943,8480798.0,Philipp Kurashev,C,28,0.02583875210344611,-0.020751556096489755,-0.002665975552089577
8480848,-0.08648850553333053,8480848.0,Ty Dellandrea,C,28,0.025968257255781398,-0.030175362706474924,0.037089257007767135
8482166,-0.01608327364798174,8482166.0,Shakir Mukhamadullin,D,28,-0.018011234279773566,0.00955255598853973,0.00821858017187299
8482667,-0.030618768372851136,8482667.0,William Eklund,L,28,-0.022348322524290542,0.02277695654844411,-0.022728959344555842
8484227,-0.024654054206029768,8484227.0,Will Smith,C,28,0.05822816406034036,0.020252401102863776,-0.030036006631660547
8484801,-0.04633160297233429,8484801.0,Macklin Celebrini,C,28,0.05362027104676117,0.022792906047300072,-0.034049120069120926
8484911,-0.055703723347538224,8484911.0,Collin Graf,R,28,0.023893553301990073,-0.021629501185356944,0.022091308083926977
8473986,0.02360808847392664,8473986.0,Alex Killorn,L,24,-0.011114580569176465,-0.026044168604912616,-0.01305285027581205
8474586,-0.01716557092545783,8474586.0,Jordan Eberle,R,55,-0.03611481684796524,0.02948762628681817,-0.011497737270319414
8475184,0.04237468141499751,8475184.0,Chris Kreider,L,24,0.0049995676921055715,0.042547195019944695,-0.021454644615427915
8475462,-0.007843456140688269,8475462.0,Radko Gudas,D,24,0.0008414796675534019,-0.01346623029116246,-0.00620306218746459
8475768,-0.04066422875882301,8475768.0,Jaden Schwartz,L,55,0.019311244014417348,0.01885499860827349,-0.0006969059260224407
8475798,0.0022454042261321285,8475798.0,Mikael Granlund,C,24,0.026179397279129765,0.02705732276398327,-0.032592520433917034
8476457,-0.05312582561210275,8476457.0,Adam Larsson,D,55,0.015231193691757702,-0.04988643721317352,0.013995403343652329
8476467,-0.06589857296746694,8476467.0,Jamie Oleksiak,D,55,-0.04371128833229503,-0.02338150511536336,0.007073396900830773
8476885,0.05327746891392137,8476885.0,Jacob Trouba,D,24,0.06003384758435123,-0.018400112471135596,-0.016157882745438123
8476905,-0.03138013976209177,8476905.0,Chandler Stephenson,C,55,0.03763123677364515,0.002608519370157252,-0.004773206469856689
8477527,-0.06549873900119078,8477527.0,Ross Johnston,L,24,-0.038429401884204635,0.002103408959559634,-0.0005717219854184509
8477919,-0.03379103324137695,8477919.0,Freddy Gaudreau,C,55,0.002770286427709561,-0.014892449409173199,0.02241012629354473
8477955,0.05323281064327829,8477955.0,Jared McCann,L,55,-0.014689987710400984,0.013132368136105535,-0.006418792227205921
8477986,-0.010678245164071043,8477986.0,Brandon Montour,D,55,0.006252131462969476,0.031834158885838265,-0.006529162110161463
8478366,-0.04651379124041117,8478366.0,Frank Vatrano,R,24,0.03611453248384564,-0.005386513085057415,0.0032523159475711834
8478407,-0.03300378566155059,8478407.0,Vince Dunn,D,55,0.016066911018737726,0.018072500201401352,-0.010672240111539489
8478873,0.06095547646806896,8478873.0,Troy Terry,R,24,0.021595404721987465,0.023007726559867846,-0.03233053179992332
8478975,-0.05139960842364044,8478975.0,Mason Marchment,L,55,-0.040652661057216315,0.01958312593593748,-0.016360661016171108
8479324,-0.08682941478098946,8479324.0,Ryan Lindgren,D,55,-0.03020406163017584,-0.03402754578126251,-0.000814358808779147
8479372,-0.020618367868477993,8479372.0,Josh Mahura,D,55,-0.03994371807352617,-0.01334479288552303,-0.013191735781966453
8480009,-0.06170037773967069,8480009.0,Eeli Tolvanen,R,55,-0.03743074671442856,0.014552785323489742,-0.00712784824725421
8480068,-0.002649308204517168,8480068.0,Ryan Poehling,C,24,-0.01204169179187142,-0.01513168246830387,-0.007790309503063043
8481563,-0.018463652274033075,8481563.0,Drew Helleson,D,24,0.045611700851202794,-0.023690502929318052,0.02918861917587762
8481605,-0.006411064695012395,8481605.0,Jackson LaCombe,D,24,-0.023661961638675247,0.005505134435884373,-0.04901208051389501
8481789,-0.04229965960157259,8481789.0,Tye Kartye,L,55,-0.0013795252334612017,-0.029315283618204846,0.010869950730185696
8482118,-0.008236911951606312,8482118.0,Sam Colangelo,R,24,-0.011037737049031212,-0.001965929796805405,-0.0013604112735343336
8482665,-0.02851788837069753,8482665.0,Matty Beniers,C,55,-0.0456576846627659,0.02724945750271979,-0.02207495197315105
8482745,0.05213395329911365,8482745.0,Mason McTavish,C,24,0.09098115520026118,-0.017125199484729684,-0.011155664926826105
8482751,-0.03970369213772847,8482751.0,Ryan Winterton,C,55,0.030972457013679972,-0.023764936389543294,-0.005336772382344423
8482803,0.07382332444925867,8482803.0,Olen Zellweger,D,24,0.06545909579042862,-0.00875534938310748,-0.0181300873685647
8483445,0.08554941863941956,8483445.0,Cutter Gauthier,L,24,0.07917135886522444,-0.03460674528603962,-0.025167404978871624
8483490,-0.00021553875274344387,8483490.0,Pavel Mintyukov,D,24,0.035849707591549325,-0.005748257121450803,0.020831213539943723
8483497,-0.02491340407867818,8483497.0,Jani Nyman,R,55,-0.013674529887142035,0.002227653206621238,0.00022127205290572367
8483524,-0.029732772950459556,8483524.0,Shane Wright,C,55,-0.032749161182650956,0.024056763191714743,-0.021924578153750998
8484153,0.044064396865122334,8484153.0,Leo Carlsson,C,24,0.03924114775210502,0.037243038390066055,-0.03389970305810442
8484762,0.06643820965841084,8484762.0,Beckett Sennecke,R,24,0.09550249642818599,0.013222496213002475,-0.01234113886122654
8480074,-0.00044586775710163466,8480074.0,Alexandre Texier,L,19,0.005783113465793124,-0.0014715380104965974,0.006102214969772977
8484180,0.015725864925717387,8484180.0,Samuel Honzek,L,20,-0.05518335807910032,-0.02696188529398606,0.014977182603359104
8484768,-0.014019844103653508,8484768.0,Zayne Parekh,D,20,-0.007154181682987503,0.01712307412133476,0.0008367261732162738
8480887,-0.005751717947715812,8480887.0,Jordan Harris,D,6,-0.021763680795370815,-0.0017809965470287454,-0.010004006329835252
8482671,-0.018493757917285143,8482671.0,Owen Power,D,7,-0.009576423193944996,0.029019830264219858,-0.012758736264624069
8482896,-0.041841557449852344,8482896.0,Tyson Kozak,C,7,-0.008728556442900886,-0.012801792546879597,0.008090877524131913
8480879,0.029251780956546992,8480879.0,Jacob Bernard-Docker,D,17,0.002118484366315816,-0.012454972796252125,0.014267533912029704
8481013,-0.012870255526756314,8481013.0,Jonatan Berggren,R,17,-0.016478630030755167,-0.0015466709415204003,-0.0018935921615623882
8479772,-0.007219216714832896,8479772.0,Zack MacEwen,R,1,-0.010260016756563942,0.0,0.0
8482090,0.035192834281350754,8482090.0,Jack Finley,C,14,-0.021629286690646732,-0.004569474081759091,-0.0007274660651359028
8484304,0.03735579579247894,8484304.0,Uvis Balinskis,D,13,-0.033846094371753975,-0.0018671993330813264,-0.0061898365701852165
8483553,-0.01280396866745765,8483553.0,Marc Gatcomb,C,2,0.008075862755148128,0.0,0.0
8475810,0.044352536433681124,8475810.0,Bryan Rust,R,5,0.05116039258993741,-0.010295392792919921,0.01344548092761869
8481704,-0.029239968964196537,8481704.0,Juuso Parssinen,C,3,-0.021976321921986956,-0.0014564010330599382,-0.00037609465004610537
8483733,-0.0353382369264979,8483733.0,Nikita Grebenkin,R,4,-0.01974221968767606,0.00011748576855569908,-0.00014647293611628445
8484779,0.0014161340782883763,8484779.0,Jett Luchanko,C,4,-0.014287387837386081,0.0,-0.00024497510051705803
8482117,-0.023519848868301767,8482117.0,Lukas Reichel,L,16,0.034798919566965306,-0.0006450616299540863,-0.0006528092097674597
8482146,0.05314420161414713,8482146.0,Luke Evangelista,R,18,-0.028150865400664936,0.005185167054892227,-0.0052916414732607706
8476463,-0.05327567945961337,8476463.0,Jonas Brodin,D,30,-0.073324734760644,-0.029673145980586988,-0.012526772932491612
8482470,0.01819247517446364,8482470.0,Ilya Solovyov,D,21,0.00029839320233688026,-0.0009080058037329946,-4.801122768128338e-05
8481754,-0.008805028233533452,8481754.0,Nikita Nesterenko,C,24,0.024693864532108513,-0.013755589811104743,-0.00010631190546972435
8484806,-0.02118967769358317,8484806.0,Sam Dickinson,D,28,0.0004579874718238215,-0.004919215201639424,-0.0035184793196528594
8477380,-0.041584158881599165,8477380.0,Jonny Brodzinski,C,3,-0.015513355199414547,0.0059432670780838704,-0.006171473525713606
8477947,0.06004852835442151,8477947.0,Sonny Milano,L,15,-0.00659696163355841,-0.006470526888255666,0.021690810671980722
8480990,-0.02625668747368902,8480990.0,Declan Chisholm,D,15,0.055081719479762994,-0.012520697275231077,0.01824151132612375
8481525,-0.05833019481532002,8481525.0,Matthew Robertson,D,3,-0.04511027089300981,-0.017219219328182298,-0.0055201520151906686
8482623,-0.03447093872246096,8482623.0,Josh Dunne,C,7,0.009301003030944353,-0.0030863917130116154,-0.0009630021129153334
8482655,0.08635616458083296,8482655.0,J.J. Moser,D,14,-0.09437406169337806,-0.012605009023861635,0.04612592344666164
8480245,0.01461323004074256,8480245.0,Olle Lycksell,R,9,0.004676958504541681,0.0,-4.799754787067901e-05
8481606,0.03489973022153222,8481606.0,Jordan Spence,D,9,-0.03870404236283806,-0.006774654779785789,-0.01233917679637831
8482095,-0.05001169402318288,8482095.0,Tyler Kleven,D,9,-0.02288294317913182,-0.004229534022066224,-0.008666764122591224
8476525,-0.024151213863290225,8476525.0,Colin Miller,D,52,0.03889691554943097,-0.000693407502768235,-0.0018213455833131775
8474037,0.03614623619936676,8474037.0,James van Riemsdyk,L,17,0.004840577139047825,-0.00014468693988008922,-0.023938636285415253
8484158,0.01304365564879923,8484158.0,Easton Cowan,R,10,-0.0335475146365116,0.01920004863479449,-0.014342302753835896
8482126,-0.020750657070035337,8482126.0,Emil Andrae,D,4,-0.009347083797340358,0.002325843750826377,-0.002191985216755927
8481161,-0.02579290978598625,8481161.0,Jake Christiansen,D,29,-0.016369958506516322,-0.001245522444661877,0.0
8483531,-0.034041334080441896,8483531.0,Brian Halonen,L,1,-0.013395693191000632,-4.6139195997745445e-05,0.0
8483768,-0.006347203203223263,8483768.0,Victor Mancini,D,23,0.014967790998428203,0.00010915956606210205,-0.0013621279701618275
8483525,-0.03267786089245936,8483525.0,Danila Yurov,R,30,-0.01159783893369909,-0.0014296669171210445,-0.0023451914007758478
8479619,0.020756091925153364,8479619.0,Michael Carcone,L,68,-0.02652842519971609,0.010867717358057236,-0.005023247549655027
8480849,0.003097490811355027,8480849.0,Barrett Hayton,C,68,-0.02369158051795887,0.018600207456222085,-0.018662865653065592
8482103,-0.02287673958743195,8482103.0,Ozzy Wiesblatt,C,18,0.01040402607415405,-0.007739209226701332,0.00015647035607728858
8478458,0.06211167829721754,8478458.0,John (Jack) Roslovic,C,22,0.08987744336074664,0.015561284275750308,-0.024132563180467824
8479442,-0.019883112193645823,8479442.0,Troy Stecher,D,22,-0.014527596481183166,-0.0036326812790316355,0.016009533681173527
8481133,-0.0259726192180742,8481133.0,Cole Reinhardt,L,54,-0.03358980389577814,-0.003652398152676199,-0.001177991407855707
8482624,-0.01674659034414302,8482624.0,Daniil Miromanov,D,20,0.009484125724088088,-0.002288973273303053,-0.00043610049095017307
8475755,-0.005343718331795049,8475755.0,Alexander Petrovic,D,25,-0.021035705438997857,-0.002418432322099822,0.019413124061884498
8476422,0.0274012441105928,8476422.0,Mike Reilly,D,12,0.002391780655959137,-0.010935615898603347,0.03173360114461937
8476873,-0.030331245915377662,8476873.0,Mark Jankowski,L,12,-0.03733000667743803,-0.004502727893086203,-0.0016548589088459715
8485402,-0.019562101764725268,8485402.0,Michael Misa,C,28,0.01263774400676756,-0.01221394135411291,0.00047036246285329735
8476856,-0.011880444746236573,8476856.0,Mathew Dumba,D,5,-0.01393065948598105,0.0,0.009762426211574997
8477365,-0.03166545430803414,8477365.0,Connor Clifton,D,5,-0.03132343653796997,-0.0022707805541247066,0.032317274457015426
8483500,-0.02033866564815004,8483500.0,Noah Ostlund,C,7,-0.03624759019986616,-0.010515017338749728,-0.010099448451172879
8484145,-0.010683393525460244,8484145.0,Zach Benson,L,7,-0.013704717932896954,0.022779191395837138,-0.004882639203979108
8484305,0.004717007792189815,8484305.0,Zach Metsa,D,7,0.014890618034959249,0.0,-9.299196933551982e-05
8476456,0.01620631168355948,8476456.0,Jonathan Huberdeau,L,20,0.02739269080666481,0.03862126836571385,0.0008727136438561555
8480813,0.026579479392046707,8480813.0,Joseph Veleno,C,8,0.019775154453250537,-0.0007679878841768366,-0.009082874378953776
8481593,0.030945274152826694,8481593.0,Jayden Struble,D,8,-0.03590196482340656,-0.004142701709471953,-0.0035526332813119684
8482749,-0.015798053415898707,8482749.0,Joshua Roy,R,8,-0.008236816244377769,-0.00037072062435208506,0.000589498748836604
8479705,0.0676941258598217,8479705.0,Jeffrey Viel,L,6,-0.013311966549200105,-0.0020671637561047802,-9.66771510500164e-05
8480828,0.016678532445060443,8480828.0,Michael Callahan,D,6,-0.018049274729705786,-0.0017336952745885376,-0.0004851113922314765
8480208,-0.0099354501707155,8480208.0,Drake Batherson,R,9,-0.025619529956444856,-0.02324224777128796,-0.022583628008928422
8481546,0.009268996072552174,8481546.0,Cam York,D,4,-0.03831810263095765,-0.0001342823612675719,0.021656296168857468
8482172,-0.011391144811886963,8482172.0,Landon Slaggert,L,16,-0.029932819783185936,-0.0009857440684343855,0.0
8483752,-0.010565916185229585,8483752.0,Dominic James,C,14,-0.009278322903102215,-0.005177704208329707,-0.012861418915429518
8480871,-0.008646972951226153,8480871.0,Adam Boqvist,D,2,0.033582413365258475,0.020338563826058587,-0.0029966785922449146
8481237,-0.0188972914890405,8481237.0,Kyle MacLean,C,2,-0.004479038059219407,0.0,-0.002162755020265108
8479576,-0.08915597476125224,8479576.0,Vincent Desharnais,D,28,0.008803753082351977,-0.04534801807034362,0.0016534422747757891
8482861,-0.010432482123916361,8482861.0,Vincent Iorio,D,28,-0.008656795655384705,-0.0010414539551281885,0.004821761719392267
8476897,-0.0395022356355678,8476897.0,Oskar Sundqvist,C,19,0.018003427488941643,-0.014543600847173054,0.007055018082795923
8477070,-0.013830827422168967,8477070.0,Liam O'Brien,C,68,0.008070826070576357,-0.00018255451125116857,0.0
8480058,-0.006738339392029029,8480058.0,Pierre-Olivier Joseph,D,23,0.02794233229046939,-0.0017827623937309365,-0.005751841479056751
8481024,-0.009130919145329406,8481024.0,Linus Karlsson,C,23,0.010374747738666845,-0.006374937955149028,-0.008552519750231719
8482496,-0.007044120965573846,8482496.0,Nils Aman,C,23,-0.008356250714322475,0.0,0.0
8484136,-0.007997608558665787,8484136.0,Max Sasson,C,23,0.028198873495300824,-0.0012241972668963846,-0.0068713830615214485
8484241,-0.019445140540891883,8484241.0,Matthew Wood,R,18,0.0030363355078962526,-0.002637700325691057,0.0002277287704838619
8470621,0.011944081715910168,8470621.0,Corey Perry,R,26,-0.01901154318686221,-0.014461292288369025,-0.003157976928088478
8477454,-0.028088753181281737,8477454.0,Adam Erne,L,25,-0.01340283732814014,0.0,0.0
8479985,-0.008441278573221559,8479985.0,Cale Fleury,D,55,-0.0015776915192932729,-0.0009039406597406456,-0.0003368906106262336
8483471,-0.002428118064749471,8483471.0,Brad Lambert,C,52,0.014126293719825817,-0.0009228087222836601,-0.000284980319380746
8483570,-0.016431508311918287,8483570.0,Ben Meyers,C,55,0.0072469595971205655,-0.0038553476665423143,0.0
8484800,-0.03448725322766642,8484800.0,Berkly Catton,C,55,-0.01617598230885907,0.028670586745386015,-0.005925752346509546
8482911,-0.03450614396954467,8482911.0,Joel Nystrom,D,12,0.0032882781760177767,-0.005786149961372511,0.005668156933223123
8482947,-0.023615757783508873,8482947.0,Zakhar Bardakov,C,21,-0.01643345691487781,-0.004502152161930298,-0.0010233402428251037
8484428,0.013359928464886303,8484428.0,Charles Alexis Legault,D,12,0.019391340104738027,-0.0006608772964706186,-0.003417647751978013
8478013,-0.033009217395018275,8478013.0,Jake Walman,D,22,0.08402290976577771,-0.0008931275211148433,0.017193538368271283
8477541,-0.008805927319504378,8477541.0,Dakota Mermis,D,10,0.0018430797716109631,-0.005495635469055944,0.0334516359358276
8479026,-0.0171453153705313,8479026.0,Philippe Myers,D,10,0.045011264740264414,-0.005735359764759566,0.014503733791118597
8476474,-0.018196486111302593,8476474.0,Stefan Noesen,R,1,-0.014088519568324761,0.007944121113884359,-0.01707331337585692
8482475,-0.04275880753194854,8482475.0,Yegor Chinakhov,R,29,-0.026051236811208116,0.012948913532406642,-0.0005434606411534666
8483573,0.013927595756838926,8483573.0,Ethen Frank,C,15,0.016671383606420252,-0.012577370045017819,-0.006298378612609943
8483503,-0.008134395913131557,8483503.0,Owen Pickering,D,5,0.0027578889970350344,0.0,0.0
8484135,-0.005691849306879832,8484135.0,Parker Ford,C,52,0.021123694167475646,-0.006501388910314933,0.008907222623133967
8479980,-0.008916872835695122,8479980.0,Nicolas Hague,D,18,0.021108823707786117,-0.013801286402273946,-0.014220639499049796
8483565,-0.022401011898765404,8483565.0,Nick Blankenburg,D,18,0.04632973429494993,-0.012607144379805403,-0.011388145103907992
8480825,-0.012348348722818602,8480825.0,Patrick Giles,R,28,-3.367518943811169e-05,-4.46134849368644e-05,0.0
8482953,-0.0008003105027424073,8482953.0,Taylor Makar,L,21,0.0012614692114937141,0.0,0.0
8479393,0.007061811716757833,8479393.0,Noah Gregor,L,13,-0.020638552953926196,0.0020984559889970435,0.003920307605436764
8480840,-0.026136921465757277,8480840.0,Oskar BÃ¤ck,C,25,-0.059799497690018424,-0.0076622454875946155,-0.0008212791342698388
8481655,-0.0005048955335451495,8481655.0,Cole Schwindt,R,13,-0.012027643390992026,-0.002684805280000628,0.005228682284543567
8478413,-0.022642376331114242,8478413.0,Jordan Greenway,L,7,0.023841047573257432,-0.01335351550240332,0.011485386107618449
8480891,-0.015837633993112412,8480891.0,Michael Kesselring,D,7,-0.010219133830688648,-0.00039209534548493934,-0.002074621251344078
8482765,-0.037631430043281684,8482765.0,Isak Rosen,R,7,-0.0300558373662195,0.014861917557275289,-0.010712246965125254
8478104,-0.019989282878334572,8478104.0,Samuel Blais,L,10,-0.0012217672406849578,-0.002614963174854908,-0.00023276837856464166
8481848,-0.004796180893155774,8481848.0,Jacob Gaucher,C,4,0.005287426994418948,-0.0021936857704276964,-0.001869031218753666
8482516,-0.028119215732988485,8482516.0,Matthew Kessel,D,19,0.02698419114043945,-0.004442287624926773,-0.0012960685881424105
8484164,-0.0005754971483854529,8484164.0,Dalibor Dvorsky,R,19,-0.03679076839130675,-0.006680239208492425,-0.006928894800959853
8475752,-0.022527572878076843,8475752.0,Tyler Pitlick,C,30,-0.020471061204834887,-0.0010701515850073443,-0.00019757256830488872
8476907,-0.006675696120716265,8476907.0,Mackenzie MacEachern,L,23,0.032690715395225,-0.0006507694173383418,0.0
8480259,-0.03740882626386946,8480259.0,Ben Jones,C,30,-0.014395059232380474,-0.003635744753621869,-0.002853548522332709
8484240,-0.020923825510248312,8484240.0,Tom Willander,D,23,0.002233514039012746,0.0013801649422271447,-0.005045116091809166
8477996,-0.025161170991366017,8477996.0,Juho Lammikko,C,1,0.007697902744378696,-0.0014347251676822671,-0.0014537255313986554
8479395,-0.02608371467820256,8479395.0,Dennis Cholowski,D,1,0.03078528571657462,0.002264914968920971,-0.0002811275426925672
8477508,-0.011368746840485975,8477508.0,Curtis Lazar,C,22,-0.014532023189067192,0.0,0.001823384036848051
8481554,-0.010015733294589282,8481554.0,Kaapo Kakko,R,55,0.02773962421452446,-0.005815285313113069,-0.007381736952039641
8476878,-0.061246583562203236,8476878.0,Zemgus Girgensons,C,14,0.01503868921888843,-0.0032329218303336735,0.029364498492040158
8480426,0.004585265641721446,8480426.0,Charle-Edouard D'Astous,D,14,0.00013747270773284176,-0.016435192011559865,-0.018627704655288953
8484221,-0.0025004084785758087,8484221.0,Calum Ritchie,C,2,0.0017155014742582645,0.0027168632491708436,-0.018240540929498433
8478424,-0.035887016035528976,8478424.0,Jansen Harkins,C,24,0.019097784695343983,0.0019211066099765611,-0.0031611952320164164
8482178,0.04691583649722352,8482178.0,Ian Moore,D,24,0.029003569000429875,0.0025686872234888447,-0.006925933858976231
8482206,-0.02018063162834236,8482206.0,Ethan Cardwell,R,28,0.004304894744868569,0.001191858814733566,0.007544011759053771
8484197,0.005630729100098491,8484197.0,Oliver Moore,C,16,0.0069026894317700364,-0.004252849547785644,-0.002615292682162978
8481219,-0.02163718104338786,8481219.0,Jonathan Aspirot,D,6,0.006882784672723547,-0.003556245075396055,0.04611494233389382
8481556,-0.009165959050232228,8481556.0,John Beecher,C,6,0.03158518662583155,-0.008876722238107064,0.00893433050680327
8484203,-0.008050686245952976,8484203.0,Bradly Nadeau,L,12,-0.011343717725529874,-0.0028200601588303387,-0.0029056531838454022
8478476,-0.003248612980784683,8478476.0,Kyle Capobianco,D,25,-0.01889897670394363,-0.0009083301723231955,-0.006445459784814829
8482072,0.017053337950296007,8482072.0,Jack Ahcan,D,21,-0.001700598988848371,-0.0011915843583614667,0.0
8483039,-0.02618173176609778,8483039.0,Tristen Nielsen,C,21,-0.021245694425949074,0.0,0.0
8476392,-0.02561068086324393,8476392.0,Adam Lowry,C,52,-0.02228066356627199,-0.013956238190164696,0.030328925063706224
8476872,-0.024444756543684096,8476872.0,Scott Laughton,C,10,0.011965173065659277,-0.004643608139935258,0.006376897844496276
8478062,0.003932961801437831,8478062.0,Dysin Mayo,D,29,0.002183150293246943,-0.00014139480050145569,0.0
8482165,-0.03388907436493153,8482165.0,Yan Kuznetsov,D,20,-0.008357413068561534,-0.012268940268101922,-0.003469553746983761
8482634,-0.0198242561665438,8482634.0,Alex Steeves,C,6,-0.010368488721417737,-0.00939729656092095,-0.007917465770412926
8476458,-0.00037831523607129375,8476458.0,Ryan Strome,C,24,-0.039683987941026844,-0.008991715367878498,-0.008205856367622387
8484160,0.0007074027535075303,8484160.0,Nate Danielson,C,17,-0.005596881169110588,0.008672888188463445,3.9122240159286286e-05
8477406,-0.024644582496477767,8477406.0,Mattias Janmark,C,22,-0.015015960696688216,-0.0028111397806519704,0.018277936071107302
8483432,-0.023430721566230852,8483432.0,Luca Del Bel Belluz,C,29,-0.027190791565618766,-0.00033644275896504506,0.0
8482209,0.02927919416148553,8482209.0,Rory Kerins,C,20,-0.012725436151925984,-0.0027384825767051155,0.00624003702024874
8483890,0.05730217876293902,8483890.0,Braeden Bowman,R,54,-0.016053547556865597,0.027205195173841422,-0.02096799722348205
8480049,-0.005305017957836614,8480049.0,Dylan Samberg,D,52,-0.042565658064698544,-0.011787344487336164,0.04798210952895389
8482149,-0.021002104527625347,8482149.0,Cole Perfetti,C,52,-0.035342835826102016,0.0005510147802669613,0.022059391473064394
8482858,-0.018584341710000986,8482858.0,Ryker Evans,D,55,0.0046061685099202795,-0.0014738619133075157,0.005610623337612479
8481715,-0.00968505059121891,8481715.0,Hunter Skinner,D,19,0.0021481604961857445,0.0,0.0
8475763,-0.018438255044640403,8475763.0,Kevin Hayes,R,5,-0.000997939438512819,0.013708157413989248,-0.003509705510398559
8477435,-0.04496949433777068,8477435.0,Ryan Graves,D,5,-0.026324857764620103,0.00101442960147978,-0.004209825557487303
8479533,-0.01125265845962237,8479533.0,Joona Koppanen,L,5,-0.022767724808479748,-0.016350182194704424,0.00869511748739538
8480084,0.026618640960369325,8480084.0,Nick DeSimone,D,68,-0.0014919551936512078,-0.0011355562073610329,-0.002302014790249353
8477149,0.036371453947651206,8477149.0,Scott Sabourin,R,14,-0.01757236529810228,0.0,0.0
8479383,0.03200435918499324,8479383.0,Boris Katchouk,L,14,-0.014757857304641384,0.0,-0.005313010351876245
8481592,-0.0005473011233556441,8481592.0,Jakob Pelletier,L,14,-0.005935695279299375,-0.002785511401075195,0.0
8475692,-0.0034770291726490053,8475692.0,Mats Zuccarello,R,30,-0.016816523167038414,0.027820064297299784,-0.01695997246891173
8482094,-0.024380203815042727,8482094.0,Daemon Hunt,D,30,0.008306972566846574,-0.002324422607750115,-0.0002872661779910503
8483728,0.015595988023747384,8483728.0,Jared Davidson,C,8,0.004292281116011014,0.0,0.0
8478173,0.0037716168062696667,8478173.0,Hayden Hodgson,R,9,-0.008160850730510335,0.0,0.00023744113168753527
8478841,0.010310443964762871,8478841.0,Colton White,D,1,-0.004306839462493619,0.0,-0.0006036664300552858
8481594,-0.011672664901262791,8481594.0,Nathan LÃ©garÃ©,R,1,-0.0005795858328663343,0.0,0.0
8482941,0.0005009969825371293,8482941.0,Shane Lachance,L,1,-4.399554736319123e-06,0.0,0.0
8475786,0.00477191941516527,8475786.0,Zach Hyman,L,22,0.03373269933232685,-0.011397797180829408,-0.024928957531368232
8484210,-0.008411529542461705,8484210.0,Gabe Perreault,R,3,-0.005849462702418021,-0.00023775029781089268,-0.00014197449735227368
8482859,-0.018654353664579914,8482859.0,Zack Ostapchuk,C,28,0.016300890719306228,-0.0007055992824551485,-0.002526370453480565
8478046,0.003721585401179613,8478046.0,Danton Heinen,L,5,-0.015425080612869955,0.012183631194366074,-0.005509105166399678
8482666,-0.023792187961483323,8482666.0,Scott Morrow,D,3,0.027698696453581265,-0.0004825750845048534,-4.497943022252459e-05
8484821,-0.006418162598663634,8484821.0,Sam Morton,C,20,0.0037333760136136766,-0.0010796183492908327,-0.002546368705136241
8481712,0.01471005312710002,8481712.0,Matej BlÃ¼mel,R,6,-0.010008663374088518,-0.00525561790020708,-0.00722386869574146
8484901,-0.013402078915968521,8484901.0,Jacob Quillan,C,10,-0.007226715079632241,0.0,0.0
8475795,0.01672925807119233,8475795.0,Dylan McIlrath,D,15,-0.005683749003461477,0.0,-0.000333487954010041
8477426,-0.03765026510033221,8477426.0,Nick Paul,L,14,-0.010399806028628016,0.004496268686826476,-0.007240604491692157
8477463,-0.001948790334632332,8477463.0,Steven Santini,D,14,-0.020466326608619214,0.0,0.0
8483398,-0.03615985921494562,8483398.0,Declan Carlile,D,14,-0.012089596671745704,-0.0004796410364201707,-0.00124012748945359
8483433,-0.013723715618531087,8483433.0,Jack Devine,R,13,-0.00036903916709846255,8.148779702431062e-05,0.0
8484168,-0.011895846971513736,8484168.0,Oscar Fisker Molgaard,C,55,0.0010364978316530734,0.0,-4.669876635007428e-05
8473994,0.011756356819112718,8473994.0,Jamie Benn,L,25,0.05141272482886648,-0.006350912474331142,-0.0011162242616890381
8480144,0.0017121679235774824,8480144.0,David Kampf,C,23,-0.010735010552675143,-0.005625552216297162,0.0024960659983019294
8481609,-0.0013647045249260672,8481609.0,Vladislav Kolyachonok,D,25,0.001734552083570894,-9.425144414752523e-05,-0.0022071377459281557
8483676,-0.010905223082970572,8483676.0,Stephen Halliday,C,9,0.017714320498465018,-0.006216858967166902,-0.010597666995842976
8479421,0.021163154793715205,8479421.0,Jacob Moverare,D,26,-0.009032108869917382,-0.0023001107287127873,-0.0010653113356256507
8481591,-0.0019555545312938093,8481591.0,Sam Poulin,R,5,-0.016426103781583188,0.0,0.0168637762831423
8479362,-0.0012880619688564732,8479362.0,Riley Tufte,L,6,-0.014754077313608513,-0.0021975828515552903,-0.004331175824658615
8476867,0.0002274834767435508,8476867.0,Brendan Gaunce,C,29,-0.022396170838231148,0.0,-0.00637409956527389
8484403,-0.008890596862473413,8484403.0,Florian Xhekaj,L,8,-0.005523525556003484,0.0,-0.00019288098616431737
8484529,0.00713277381329455,8484529.0,Connor Clattenburg,C,22,-0.015174269160064664,-0.0004562106499776618,0.0
8484255,-0.007239624814201239,8484255.0,Jason Polin,R,21,-0.013523522886616799,0.0,0.0
8481477,0.008520916149491525,8481477.0,Nico Sturm,C,30,0.005258096857829217,0.0,0.007354486491435648
8482132,-0.002675051144250757,8482132.0,Brett Berard,L,3,-0.007846272979529743,-0.0003689795756304668,0.0
8482726,-0.001879597632440943,8482726.0,Samuel Helenius,C,26,0.0033993366200295067,0.0,0.0
