start,end,duration,stintId,fa,ff,soga,sogf,ga,gf,xga,xgf,for_8475842,for_8476389,for_8476459,for_8476468,for_8477369,for_8477380,for_8478550,for_8478882,for_8479323,for_8479390,for_8481525,for_8481726,for_8482073,for_8482109,for_8482132,for_8482157,for_8482666,for_8483690,against_8476374,against_8476854,against_8477496,against_8477507,against_8479362,against_8479369,against_8479591,against_8479661,against_8479987,against_8479999,against_8480035,against_8480355,against_8481219,against_8482177,against_8482511,against_8482634,against_8483489,against_8483567,game,isHome,zone,manpower,teamId
0.0,0.4,0.4,0,0,0,0,0,0,0,0.0,0.0,0,0,1,1,0,0,0,1,1,0,0,0,0,1,0,0,0,0,0,1,1,0,0,0,0,0,1,0,1,0,0,0,0,1,0,0,2025020376,0,N,ev,3
0.4,0.5333333333333333,0.1333333333333333,1,0,0,0,0,0,0,0.0,0.0,0,0,1,1,1,0,0,1,0,0,0,0,0,1,0,0,0,0,0,1,1,0,0,0,0,0,1,0,1,0,0,0,0,1,0,0,2025020376,0,FLY,5v5,3
0.5333333333333333,0.55,0.01666666666666672,2,0,0,0,0,0,0,0.0,0.0,0,0,1,1,1,0,0,1,0,0,0,0,0,1,0,0,0,0,0,1,1,0,0,0,0,1,1,0,1,0,0,0,0,0,0,0,2025020376,0,FLY,5v5,3
0.55,0.5666666666666667,0.016666666666666607,3,0,0,0,0,0,0,0.0,0.0,0,0,1,0,1,0,1,1,0,0,0,0,0,1,0,0,0,0,0,1,1,0,0,0,0,1,1,0,1,0,0,0,0,0,0,0,2025020376,0,FLY,5v5,3
0.5666666666666667,0.6166666666666667,0.050000000000000044,4,0,0,0,0,0,0,0.0,0.0,0,0,1,0,1,0,1,0,0,0,0,0,1,1,0,0,0,0,0,1,1,0,0,0,0,1,1,0,1,0,0,0,0,0,0,0,2025020376,0,FLY,5v5,3
0.6166666666666667,0.6333333333333333,0.016666666666666607,5,0,0,0,0,0,0,0.0,0.0,0,1,0,0,1,0,1,0,0,0,0,0,1,1,0,0,0,0,0,1,0,0,0,0,0,1,1,0,1,0,0,0,0,0,1,0,2025020376,0,FLY,5v5,3
0.6333333333333333,0.7,0.06666666666666665,6,0,0,0,0,0,0,0.0,0.0,0,1,0,0,1,0,1,0,0,0,0,0,1,0,0,1,0,0,0,1,0,0,0,0,0,1,0,0,1,1,0,0,0,0,1,0,2025020376,0,FLY,5v5,3
0.7,0.7166666666666667,0.01666666666666672,7,0,0,0,0,0,0,0.0,0.0,0,1,0,0,1,0,1,0,0,0,0,0,1,0,0,1,0,0,0,0,0,0,0,0,0,1,0,0,1,1,1,0,0,0,1,0,2025020376,0,FLY,5v5,3
0.7166666666666667,1.05,0.33333333333333337,8,0,0,0,0,0,0,0.0,0.0,0,1,0,0,1,0,1,0,0,0,0,0,1,0,0,1,0,0,0,0,0,1,0,0,0,1,0,0,0,1,1,0,0,0,1,0,2025020376,0,FLY,ev,3
1.05,1.0666666666666667,0.016666666666666607,9,0,0,0,0,0,0,0.0,0.0,0,1,0,0,1,0,1,0,0,0,1,0,0,0,0,1,0,0,0,0,0,1,0,0,0,1,0,0,0,1,1,0,0,0,1,0,2025020376,0,FLY,5v5,3
1.0666666666666667,1.1666666666666667,0.10000000000000009,10,0,0,0,0,0,0,0.0,0.0,0,1,0,0,0,0,1,0,0,0,1,0,0,0,0,1,1,0,0,0,0,1,0,0,0,1,0,0,0,1,1,0,0,0,1,0,2025020376,0,FLY,5v5,3
1.1666666666666667,1.1833333333333333,0.016666666666666607,11,0,0,0,0,0,0,0.0,0.0,0,0,0,0,0,0,1,0,0,0,1,0,0,0,0,1,1,1,0,0,0,1,0,0,0,1,0,0,0,1,1,0,0,0,1,0,2025020376,0,FLY,5v5,3
1.1833333333333333,1.2,0.016666666666666607,12,0,0,0,0,0,0,0.0,0.0,0,0,0,0,0,0,0,0,0,0,1,0,0,0,1,1,1,1,0,0,0,1,0,0,0,1,0,0,0,1,1,0,0,0,1,0,2025020376,0,FLY,5v5,3
1.2,1.2166666666666668,0.01666666666666683,13,0,0,0,0,0,0,0.0,0.0,0,0,0,0,0,1,0,0,0,0,1,0,0,0,1,0,1,1,0,0,0,1,0,1,0,1,0,0,0,0,1,0,0,0,1,0,2025020376,0,FLY,5v5,3
1.2166666666666668,1.2333333333333334,0.016666666666666607,14,0,0,0,0,0,0,0.0,0.0,0,0,0,0,0,1,0,0,0,0,1,0,0,0,1,0,1,1,0,0,0,0,0,1,0,1,0,0,0,0,1,0,0,0,1,1,2025020376,0,FLY,5v5,3
1.2333333333333334,1.6,0.3666666666666667,15,0,1,0,0,0,0,0.0,0.04623939980678466,0,0,0,0,0,1,0,0,0,0,1,0,0,0,1,0,1,1,0,0,0,0,0,1,0,0,0,1,0,0,1,0,0,0,1,1,2025020376,0,FLY,ev,3
1.6,1.6166666666666667,0.016666666666666607,16,0,0,0,0,0,0,0.0,0.0,0,0,0,0,0,1,0,0,0,0,1,0,0,0,1,0,1,1,0,0,0,0,0,1,0,0,0,1,0,0,1,1,0,0,0,1,2025020376,0,FLY,5v5,3
1.6166666666666667,1.6833333333333333,0.06666666666666665,17,0,0,0,0,0,0,0.0,0.0,0,0,0,0,0,1,0,0,0,0,1,0,0,0,1,0,1,1,0,0,0,0,0,1,0,0,0,1,0,0,0,1,1,0,0,1,2025020376,0,FLY,5v5,3
1.6833333333333333,1.7,0.016666666666666607,18,0,0,0,0,0,0,0.0,0.0,1,0,0,0,0,1,0,0,0,0,1,0,0,0,1,0,1,0,0,0,0,0,0,1,0,0,0,1,0,0,0,1,1,0,0,1,2025020376,0,FLY,5v5,3
1.7,1.7166666666666668,0.01666666666666683,19,0,0,0,0,0,0,0.0,0.0,1,0,0,0,0,1,0,1,0,0,1,0,0,0,1,0,0,0,0,0,0,0,0,1,0,0,0,1,0,0,0,1,1,0,0,1,2025020376,0,FLY,5v5,3
1.7166666666666668,1.75,0.033333333333333215,20,0,0,0,0,0,0,0.0,0.0,1,0,0,0,0,0,0,1,0,1,1,0,0,0,1,0,0,0,0,0,0,0,0,1,0,0,0,1,0,0,0,1,1,0,0,1,2025020376,0,FLY,5v5,3
1.75,2.6,0.8500000000000001,21,0,0,0,0,0,0,0.0,0.0,1,0,0,0,0,0,0,1,1,1,0,1,0,0,0,0,0,0,0,0,0,0,0,1,0,0,0,1,0,0,0,1,1,0,0,1,2025020376,0,FLY,5v5,3
2.6,2.65,0.04999999999999982,22,0,0,0,0,0,0,0.0,0.0,1,0,0,1,0,0,0,1,1,1,0,0,0,0,0,0,0,0,0,0,0,0,0,1,0,0,0,1,0,0,0,1,1,0,0,1,2025020376,0,FLY,5v5,3
2.65,2.6666666666666665,0.016666666666666607,23,0,0,0,0,0,0,0.0,0.0,1,0,0,1,0,0,0,1,1,1,0,0,0,0,0,0,0,0,0,0,0,0,1,1,1,0,0,1,1,0,0,0,0,0,0,0,2025020376,0,FLY,5v5,3
2.6666666666666665,2.6833333333333336,0.01666666666666705,24,0,0,0,0,0,0,0.0,0.0,0,0,1,1,0,0,0,1,1,1,0,0,0,0,0,0,0,0,0,0,0,0,1,1,1,0,0,1,1,0,0,0,0,0,0,0,2025020376,0,FLY,5v5,3
2.6833333333333336,2.75,0.06666666666666643,25,0,1,0,1,0,0,0.0,0.006595629456188105,0,0,1,1,0,0,0,1,1,0,0,0,0,1,0,0,0,0,1,0,0,0,1,1,1,0,0,0,1,0,0,0,0,0,0,0,2025020376,0,FLY,ev,3
2.75,3.05,0.2999999999999998,26,0,0,0,0,0,0,0.0,0.0,0,0,1,1,0,0,0,1,1,0,0,0,0,1,0,0,0,0,0,1,1,0,0,0,0,0,1,0,1,0,0,0,0,1,0,0,2025020376,0,O,5v5,3
3.05,3.1,0.050000000000000266,27,0,0,0,0,0,0,0.0,0.0,0,0,1,1,1,0,0,1,0,0,0,0,0,1,0,0,0,0,0,1,1,0,0,0,0,0,1,0,1,0,0,0,0,1,0,0,2025020376,0,FLY,5v5,3
3.1,3.25,0.1499999999999999,28,0,1,0,0,0,0,0.0,0.21909216695050177,0,0,1,1,1,0,0,0,0,0,0,0,1,1,0,0,0,0,0,1,1,0,0,0,0,0,1,0,1,0,0,0,0,1,0,0,2025020376,0,FLY,ev,3
3.25,3.2666666666666666,0.016666666666666607,29,0,0,0,0,0,0,0.0,0.0,0,0,1,1,1,0,0,0,0,0,0,0,1,1,0,0,0,0,1,0,0,0,0,0,0,0,1,0,1,0,1,0,0,1,0,0,2025020376,0,FLY,5v5,3
3.2666666666666666,3.283333333333333,0.016666666666666607,30,0,0,0,0,0,0,0.0,0.0,0,0,1,1,1,0,0,0,0,0,0,0,1,1,0,0,0,0,1,0,0,1,0,0,0,0,1,0,0,0,1,0,0,1,0,0,2025020376,0,FLY,5v5,3
3.283333333333333,3.35,0.06666666666666687,31,0,0,0,0,0,0,0.0,0.0,0,0,1,1,1,0,0,0,0,0,0,0,1,0,0,1,0,0,1,0,0,1,0,0,0,0,1,0,0,0,1,0,0,1,0,0,2025020376,0,FLY,ev,3
3.35,3.466666666666667,0.1166666666666667,32,0,1,0,1,0,1,0.0,0.12848743445661145,0,0,1,0,1,0,1,0,0,0,0,0,1,0,0,1,0,0,1,0,0,1,0,0,0,0,1,0,0,0,1,0,0,1,0,0,2025020376,0,FLY,ev,3
3.466666666666667,3.75,0.2833333333333332,33,0,0,0,0,0,0,0.0,0.0,0,1,0,0,1,0,1,0,0,0,0,0,1,0,0,1,0,0,1,0,0,1,1,0,1,0,0,0,0,0,1,0,0,0,0,0,2025020376,0,N,5v5,3
3.75,3.7666666666666666,0.016666666666666607,34,0,0,0,0,0,0,0.0,0.0,0,1,0,0,1,0,1,0,0,0,0,0,0,0,0,1,1,0,1,0,0,1,1,0,1,0,0,0,0,0,1,0,0,0,0,0,2025020376,0,FLY,5v5,3
3.7666666666666666,3.9166666666666665,0.1499999999999999,35,0,0,0,0,0,0,0.0,0.0,0,1,0,0,0,0,1,0,0,0,1,0,0,0,0,1,1,0,1,0,0,1,1,0,1,0,0,0,0,0,1,0,0,0,0,0,2025020376,0,FLY,ev,3
3.9166666666666665,3.9333333333333336,0.01666666666666705,36,0,0,0,0,0,0,0.0,0.0,0,1,0,0,0,0,1,0,0,0,1,0,0,0,0,1,1,0,1,0,0,1,1,1,1,0,0,0,0,0,0,0,0,0,0,0,2025020376,0,FLY,5v5,3
3.9333333333333336,4.016666666666667,0.08333333333333304,37,0,0,0,0,0,0,0.0,0.0,0,1,0,0,0,0,1,0,0,0,1,0,0,0,0,1,1,0,1,0,0,0,1,1,1,0,0,0,0,0,0,0,1,0,0,0,2025020376,0,FLY,5v5,3
4.016666666666667,4.166666666666667,0.15000000000000036,38,0,0,0,0,0,0,0.0,0.0,0,1,0,0,0,1,1,0,0,0,1,0,0,0,0,0,1,0,1,0,0,0,1,1,1,0,0,0,0,0,0,0,1,0,0,0,2025020376,0,FLY,5v5,3
4.166666666666667,4.183333333333334,0.016666666666666607,39,0,0,0,0,0,0,0.0,0.0,0,1,0,0,0,1,1,0,0,0,1,0,0,0,0,0,1,0,1,0,0,0,1,1,0,0,0,0,0,1,0,0,1,0,0,0,2025020376,0,FLY,5v5,3
4.183333333333334,4.2,0.016666666666666607,40,0,0,0,0,0,0,0.0,0.0,0,0,0,0,0,1,1,0,0,0,1,0,0,0,0,0,1,1,1,0,0,0,1,1,0,0,0,0,0,1,0,0,1,0,0,0,2025020376,0,FLY,5v5,3
4.2,4.216666666666667,0.016666666666666607,41,0,0,0,0,0,0,0.0,0.0,0,0,0,0,0,1,1,0,0,0,1,0,0,0,0,0,1,1,0,0,0,0,1,1,0,1,0,0,0,1,0,0,1,0,0,0,2025020376,0,FLY,5v5,3
4.216666666666667,4.233333333333333,0.016666666666666607,42,0,0,0,0,0,0,0.0,0.0,0,0,0,0,0,1,1,0,0,0,1,0,0,0,0,0,1,1,0,0,0,0,0,1,0,1,0,0,0,1,0,0,1,0,1,0,2025020376,0,FLY,5v5,3
4.233333333333333,4.283333333333333,0.04999999999999982,43,0,0,0,0,0,0,0.0,0.0,0,0,0,0,0,1,0,0,0,0,1,0,0,0,1,0,1,1,0,0,0,0,0,1,0,1,0,0,0,1,0,0,1,0,1,0,2025020376,0,FLY,5v5,3
4.283333333333333,4.966666666666667,0.6833333333333336,44,0,0,0,0,0,0,0.0,0.0,0,0,0,0,0,1,0,1,1,0,0,0,0,0,1,0,0,1,0,0,0,0,0,1,0,1,0,0,0,1,0,0,1,0,1,0,2025020376,0,FLY,ev,3
4.966666666666667,5.0,0.033333333333333215,45,0,0,0,0,0,0,0.0,0.0,0,0,0,0,0,1,0,1,1,0,0,0,0,0,1,0,0,1,0,0,0,0,0,0,0,1,0,0,1,1,0,0,1,0,1,0,2025020376,0,FLY,5v5,3
5.0,5.016666666666667,0.016666666666666607,46,0,0,0,0,0,0,0.0,0.0,1,0,0,0,0,1,0,1,1,0,0,0,0,0,0,0,0,1,0,1,0,0,0,0,0,0,0,1,1,1,0,0,0,0,1,0,2025020376,0,FLY,5v5,3
5.016666666666667,5.033333333333333,0.016666666666666607,47,0,0,0,0,0,0,0.0,0.0,1,0,0,0,0,1,0,1,1,0,0,1,0,0,0,0,0,0,0,1,0,0,0,0,0,0,0,1,1,1,0,0,0,0,1,0,2025020376,0,FLY,5v5,3
5.033333333333333,5.05,0.016666666666666607,48,0,0,0,0,0,0,0.0,0.0,1,0,0,0,0,1,0,1,1,0,0,1,0,0,0,0,0,0,0,1,0,0,0,0,0,0,0,1,1,1,0,1,0,0,0,0,2025020376,0,FLY,5v5,3
5.05,5.1,0.04999999999999982,49,0,0,0,0,0,0,0.0,0.0,1,0,0,0,0,0,0,1,1,1,0,1,0,0,0,0,0,0,0,1,0,0,0,0,0,0,0,1,1,1,0,1,0,0,0,0,2025020376,0,FLY,5v5,3
5.1,5.133333333333334,0.0333333333333341,50,0,0,0,0,0,0,0.0,0.0,1,0,0,0,0,0,0,1,1,1,0,1,0,0,0,0,0,0,0,1,0,0,0,0,0,0,0,1,1,0,0,1,0,0,0,1,2025020376,0,FLY,5v5,3
5.133333333333334,5.316666666666666,0.18333333333333268,51,0,0,0,0,0,0,0.0,0.0,1,0,0,0,1,0,0,1,0,1,0,1,0,0,0,0,0,0,0,1,0,0,0,0,0,0,0,1,1,0,0,1,0,0,0,1,2025020376,0,FLY,5v5,3
5.316666666666666,5.433333333333334,0.11666666666666714,52,0,1,0,1,0,0,0.0,0.013541063769242445,1,0,0,0,1,0,0,0,0,1,0,1,1,0,0,0,0,0,0,1,0,0,0,0,0,0,0,1,1,0,0,1,0,0,0,1,2025020376,0,FLY,ev,3
5.433333333333334,5.883333333333333,0.4499999999999993,53,0,0,0,0,0,0,0.0,0.0,0,0,1,1,1,0,0,0,0,0,0,0,1,1,0,0,0,0,0,0,1,1,0,0,0,0,1,0,0,0,1,0,0,1,0,0,2025020376,0,O,ev,3
5.883333333333333,5.9,0.016666666666667496,54,0,0,0,0,0,0,0.0,0.0,0,0,1,1,0,0,0,0,0,0,1,0,1,1,0,0,0,0,0,0,1,1,0,0,0,0,1,0,0,0,1,0,0,1,0,0,2025020376,0,FLY,5v5,3
5.9,6.033333333333333,0.13333333333333286,55,0,0,0,0,0,0,0.0,0.0,0,0,1,1,0,0,0,0,0,0,1,0,0,1,0,0,1,0,0,0,1,1,0,0,0,0,1,0,0,0,1,0,0,1,0,0,2025020376,0,FLY,5v5,3
6.033333333333333,6.083333333333333,0.04999999999999982,56,0,0,0,0,0,0,0.0,0.0,0,0,1,1,0,0,0,0,0,1,1,0,0,0,0,0,1,0,0,0,1,1,0,0,0,0,1,0,0,0,1,0,0,1,0,0,2025020376,0,FLY,5v5,3
6.083333333333333,6.116666666666666,0.033333333333333215,57,0,0,0,0,0,0,0.0,0.0,0,0,1,0,0,0,0,0,0,1,1,1,0,0,0,0,1,0,0,0,1,1,0,0,0,0,1,0,0,0,1,0,0,1,0,0,2025020376,0,FLY,5v5,3
6.116666666666666,6.183333333333334,0.06666666666666732,58,0,0,0,0,0,0,0.0,0.0,1,0,0,0,0,0,0,0,0,1,1,1,0,0,0,0,1,0,1,0,0,1,1,0,0,0,1,0,0,0,1,0,0,0,0,0,2025020376,0,FLY,5v5,3
6.183333333333334,6.2,0.016666666666666607,59,0,0,0,0,0,0,0.0,0.0,1,0,0,0,0,0,0,0,0,1,1,1,0,0,0,0,1,0,1,0,0,0,1,1,0,0,1,0,0,0,1,0,0,0,0,0,2025020376,0,FLY,5v5,3
6.2,6.866666666666667,0.666666666666667,60,4,0,3,0,0,0,0.4820272265575015,0.0,1,0,0,0,0,0,0,0,0,1,1,1,0,0,0,0,1,0,1,0,0,0,1,1,1,0,0,0,0,0,0,0,1,0,0,0,2025020376,0,FLY,ev,3
6.866666666666667,7.4,0.5333333333333332,61,0,2,0,2,0,0,0.0,0.22790651853989072,0,1,0,0,0,0,1,1,1,0,0,0,0,0,0,1,0,0,0,1,0,0,0,0,0,1,0,0,1,1,0,0,0,0,1,0,2025020376,0,N,ev,3
7.4,7.416666666666667,0.016666666666666607,62,0,0,0,0,0,0,0.0,0.0,0,1,0,1,0,0,1,1,0,0,0,0,0,0,0,1,0,0,0,1,0,0,0,0,0,1,0,0,1,1,0,0,0,0,1,0,2025020376,0,FLY,5v5,3
7.416666666666667,7.466666666666667,0.04999999999999982,63,0,0,0,0,0,0,0.0,0.0,0,1,0,1,1,0,0,1,0,0,0,0,0,0,0,1,0,0,0,1,0,0,0,0,0,1,0,0,1,1,0,0,0,0,1,0,2025020376,0,FLY,5v5,3
7.466666666666667,7.483333333333333,0.016666666666666607,64,0,0,0,0,0,0,0.0,0.0,0,1,0,1,1,0,0,1,0,0,0,0,0,0,0,1,0,0,0,0,0,0,0,0,0,1,0,0,1,1,1,0,0,0,1,0,2025020376,0,FLY,5v5,3
7.483333333333333,7.6,0.11666666666666625,65,0,0,0,0,0,0,0.0,0.0,0,1,0,1,1,0,0,1,0,0,0,0,0,0,0,1,0,0,0,0,0,1,0,0,0,1,0,0,0,1,1,0,0,0,1,0,2025020376,0,FLY,5v5,3
7.6,7.633333333333333,0.033333333333333215,66,0,0,0,0,0,0,0.0,0.0,0,0,0,1,1,0,0,1,0,0,0,0,1,0,0,1,0,0,0,0,0,1,0,0,0,1,0,0,0,1,1,0,0,0,1,0,2025020376,0,FLY,5v5,3
7.633333333333333,7.683333333333334,0.05000000000000071,67,0,0,0,0,0,0,0.0,0.0,0,0,0,1,1,0,0,1,0,0,0,0,1,0,0,1,0,0,0,0,0,1,0,0,0,1,0,0,0,1,1,1,0,0,0,0,2025020376,0,FLY,5v5,3
7.683333333333334,7.8,0.11666666666666625,68,0,0,0,0,0,0,0.0,0.0,0,0,1,1,1,0,0,0,0,0,0,0,1,1,0,0,0,0,0,0,0,1,0,0,0,1,0,0,0,1,1,1,0,0,0,0,2025020376,0,FLY,5v5,3
7.8,7.816666666666666,0.016666666666666607,69,0,0,0,0,0,0,0.0,0.0,0,0,1,1,1,0,0,0,0,0,0,0,1,1,0,0,0,0,0,0,0,1,0,0,0,1,0,0,0,0,1,1,0,0,0,1,2025020376,0,FLY,5v5,3
7.816666666666666,8.033333333333333,0.21666666666666679,70,0,1,0,0,0,0,0.0,0.026462294450685805,0,0,1,1,1,0,0,0,0,0,0,0,1,1,0,0,0,0,0,0,0,1,0,0,0,0,0,1,0,0,1,1,0,0,0,1,2025020376,0,FLY,ev,3
8.033333333333333,8.116666666666667,0.08333333333333393,71,0,0,0,0,0,0,0.0,0.0,0,0,1,0,1,0,0,0,0,0,0,0,1,1,1,0,0,0,0,0,0,1,0,0,0,0,0,1,0,0,1,1,0,0,0,1,2025020376,0,FLY,5v5,3
8.116666666666667,8.15,0.033333333333333215,72,0,0,0,0,0,0,0.0,0.0,0,0,0,0,1,0,0,0,0,0,0,0,1,1,1,0,0,1,0,0,0,1,0,0,0,0,0,1,0,0,1,1,0,0,0,1,2025020376,0,FLY,5v5,3
8.15,8.2,0.049999999999998934,73,0,0,0,0,0,0,0.0,0.0,0,0,0,0,0,0,0,0,0,0,1,0,0,1,1,0,1,1,0,0,0,1,0,0,0,0,0,1,0,0,1,1,0,0,0,1,2025020376,0,FLY,5v5,3
8.2,8.233333333333333,0.033333333333333215,74,1,0,0,0,0,0,0.01493411591997978,0.0,0,0,0,0,0,1,0,0,0,0,1,0,0,0,1,0,1,1,0,0,0,0,0,1,0,0,0,1,0,0,1,1,0,0,0,1,2025020376,0,FLY,ev,3
8.233333333333333,8.8,0.5666666666666682,75,0,3,0,2,0,0,0.0,0.04739280711678594,0,0,0,0,0,1,0,0,0,0,1,0,0,0,1,0,1,1,0,0,0,0,0,1,0,0,0,1,0,0,0,1,1,0,0,1,2025020376,0,FLY,ev,3
8.8,8.933333333333334,0.13333333333333286,76,0,0,0,0,0,0,0.0,0.0,1,0,0,0,0,0,0,1,1,1,0,1,0,0,0,0,0,0,1,1,0,0,1,0,1,0,0,0,1,0,0,0,0,0,0,0,2025020376,0,O,ev,3
8.933333333333334,9.15,0.21666666666666679,77,0,1,0,1,0,0,0.0,0.04065176090120988,0,1,0,0,0,0,1,1,1,0,0,0,0,0,0,1,0,0,1,1,0,0,1,0,1,0,0,0,1,0,0,0,0,0,0,0,2025020376,0,O,ev,3
9.15,9.183333333333334,0.033333333333333215,78,0,0,0,0,0,0,0.0,0.0,0,1,0,0,0,0,1,1,1,0,0,0,0,0,0,1,0,0,1,0,0,0,1,1,1,0,0,0,1,0,0,0,0,0,0,0,2025020376,0,FLY,5v5,3
9.183333333333334,9.533333333333333,0.34999999999999964,79,0,0,0,0,0,0,0.0,0.0,0,1,0,0,0,0,1,1,1,0,0,0,0,0,0,1,0,0,1,0,0,1,1,1,1,0,0,0,0,0,0,0,0,0,0,0,2025020376,0,FLY,ev,3
9.533333333333333,9.583333333333334,0.05000000000000071,80,0,0,0,0,0,0,0.0,0.0,0,1,0,0,0,0,1,1,1,1,0,0,0,0,0,0,0,0,1,0,0,1,1,1,1,0,0,0,0,0,0,0,0,0,0,0,2025020376,0,FLY,5v5,3
9.583333333333334,9.6,0.01666666666666572,81,0,0,0,0,0,0,0.0,0.0,0,1,0,0,1,0,1,1,0,1,0,0,0,0,0,0,0,0,1,0,0,1,1,1,1,0,0,0,0,0,0,0,0,0,0,0,2025020376,0,FLY,5v5,3
9.6,9.616666666666667,0.016666666666667496,82,0,0,0,0,0,0,0.0,0.0,1,0,0,0,1,0,1,1,0,1,0,0,0,0,0,0,0,0,1,0,0,1,1,1,1,0,0,0,0,0,0,0,0,0,0,0,2025020376,0,FLY,5v5,3
9.616666666666667,9.65,0.033333333333333215,83,0,0,0,0,0,0,0.0,0.0,1,0,0,0,1,0,1,1,0,1,0,0,0,0,0,0,0,0,1,0,1,1,1,1,0,0,0,0,0,0,0,0,0,0,0,0,2025020376,0,FLY,5v5,3
9.65,9.666666666666666,0.01666666666666572,84,0,0,0,0,0,0,0.0,0.0,1,0,0,0,1,0,0,1,0,1,0,1,0,0,0,0,0,0,0,0,1,1,1,1,0,0,0,0,0,0,0,0,0,1,0,0,2025020376,0,FLY,5v5,3
9.666666666666666,9.7,0.033333333333333215,85,0,0,0,0,0,0,0.0,0.0,1,0,0,0,1,0,0,1,0,1,0,1,0,0,0,0,0,0,0,0,1,1,0,1,0,0,1,0,0,0,0,0,0,1,0,0,2025020376,0,FLY,5v5,3
9.7,9.8,0.10000000000000142,86,0,0,0,0,0,0,0.0,0.0,1,0,0,0,1,0,0,0,0,1,0,1,1,0,0,0,0,0,0,0,1,1,0,1,0,0,1,0,0,0,0,0,0,1,0,0,2025020376,0,FLY,5v5,3
9.8,9.833333333333334,0.033333333333333215,87,0,0,0,0,0,0,0.0,0.0,1,0,0,0,1,0,0,0,0,1,0,1,1,0,0,0,0,0,0,0,1,0,0,1,0,0,1,0,0,0,1,0,0,1,0,0,2025020376,0,FLY,5v5,3
9.833333333333334,10.316666666666666,0.4833333333333325,88,0,1,0,0,0,0,0.0,0.01570658876556165,1,0,0,0,1,0,0,0,0,1,0,1,1,0,0,0,0,0,0,0,1,0,0,0,0,0,1,0,0,0,1,0,1,1,0,0,2025020376,0,FLY,ev,3
10.316666666666666,10.45,0.13333333333333286,89,0,0,0,0,0,0,0.0,0.0,1,0,0,0,1,0,0,0,0,0,0,1,1,1,0,0,0,0,0,0,1,0,0,0,0,0,1,0,0,0,1,0,1,1,0,0,2025020376,0,FLY,5v5,3
10.45,10.466666666666667,0.016666666666667496,90,0,0,0,0,0,0,0.0,0.0,1,0,0,1,1,0,0,0,0,0,0,0,1,1,0,0,0,0,0,0,1,0,0,0,0,0,1,0,0,0,1,0,1,1,0,0,2025020376,0,FLY,5v5,3
10.466666666666667,10.483333333333333,0.01666666666666572,91,0,0,0,0,0,0,0.0,0.0,1,0,0,1,1,0,0,0,0,0,1,0,0,1,0,0,0,0,0,0,1,0,0,0,0,0,1,0,0,0,1,0,1,1,0,0,2025020376,0,FLY,5v5,3
10.483333333333333,10.5,0.016666666666667496,92,0,0,0,0,0,0,0.0,0.0,0,0,0,1,1,0,0,0,0,0,1,0,0,1,0,0,1,0,0,0,1,0,0,0,0,0,1,0,0,0,1,0,1,1,0,0,2025020376,0,FLY,5v5,3
10.5,10.516666666666667,0.016666666666667496,93,0,0,0,0,0,0,0.0,0.0,0,0,1,1,0,0,0,0,0,0,1,0,0,1,0,0,1,0,0,0,1,0,0,0,0,0,1,0,0,0,1,0,1,1,0,0,2025020376,0,FLY,5v5,3
10.516666666666667,10.6,0.08333333333333215,94,0,0,0,0,0,0,0.0,0.0,0,0,1,1,0,0,0,0,0,0,1,0,0,1,0,0,1,0,0,0,0,0,0,0,0,0,1,0,0,0,1,0,1,1,1,0,2025020376,0,FLY,5v5,3
10.6,10.616666666666667,0.016666666666667496,95,0,0,0,0,0,0,0.0,0.0,0,0,1,1,0,0,0,0,0,0,1,0,0,1,0,0,1,0,0,0,0,0,0,0,0,0,1,0,0,1,1,0,1,0,1,0,2025020376,0,FLY,5v5,3
10.616666666666667,10.733333333333333,0.11666666666666536,96,0,0,0,0,0,0,0.0,0.0,0,0,1,1,0,0,0,0,0,0,1,0,0,1,0,0,1,0,0,0,0,0,0,0,0,1,0,0,0,1,1,0,1,0,1,0,2025020376,0,FLY,5v5,3
10.733333333333333,10.916666666666666,0.18333333333333357,97,0,0,0,0,0,0,0.0,0.0,0,0,1,1,0,0,0,0,0,0,1,0,0,1,0,0,1,0,0,1,0,0,0,0,0,1,0,0,1,1,0,0,0,0,1,0,2025020376,0,FLY,ev,3
10.916666666666666,11.6,0.6833333333333336,98,0,0,0,0,0,0,0.0,0.0,0,0,1,1,0,0,0,1,1,0,0,0,0,1,0,0,0,0,0,1,0,0,0,0,0,1,0,0,1,1,0,0,0,0,1,0,2025020376,0,N,ev,3
11.6,11.633333333333333,0.033333333333333215,99,0,0,0,0,0,0,0.0,0.0,0,0,1,1,0,0,0,1,1,0,0,0,0,1,0,0,0,0,0,0,0,0,0,1,0,1,0,0,1,1,0,0,0,0,1,0,2025020376,0,FLY,5v5,3
11.633333333333333,11.666666666666666,0.033333333333333215,100,0,0,0,0,0,0,0.0,0.0,0,0,1,1,0,0,0,1,1,0,0,0,0,1,0,0,0,0,0,0,0,0,0,1,0,1,0,0,1,1,0,1,0,0,0,0,2025020376,0,FLY,ev,3
11.666666666666666,11.816666666666666,0.15000000000000036,101,0,0,0,0,0,0,0.0,0.0,0,0,1,0,0,0,1,1,1,0,0,0,0,1,0,0,0,0,0,0,0,0,0,1,0,1,0,0,1,1,0,1,0,0,0,0,2025020376,0,FLY,ev,3
11.816666666666666,11.833333333333334,0.016666666666667496,102,0,0,0,0,0,0,0.0,0.0,0,0,1,0,0,0,1,1,1,0,0,0,0,0,0,1,0,0,0,0,0,0,0,1,0,0,0,1,1,1,0,1,0,0,0,0,2025020376,0,FLY,5v5,3
11.833333333333334,11.883333333333333,0.049999999999998934,103,0,0,0,0,0,0,0.0,0.0,0,1,0,0,0,0,1,1,1,0,0,0,0,0,0,1,0,0,0,0,0,1,0,1,0,0,0,1,0,0,0,1,0,0,0,1,2025020376,0,FLY,5v5,3
11.883333333333333,11.933333333333334,0.05000000000000071,104,0,0,0,0,0,0,0.0,0.0,0,1,0,0,1,0,1,1,0,0,0,0,0,0,0,1,0,0,0,0,0,1,0,1,0,0,0,1,0,0,0,1,0,0,0,1,2025020376,0,FLY,5v5,3
11.933333333333334,12.433333333333334,0.5,105,0,1,0,1,0,1,0.0,0.06325839266343362,0,1,0,0,1,0,1,0,0,0,0,0,1,0,0,1,0,0,0,0,0,1,0,1,0,0,0,1,0,0,0,1,0,0,0,1,2025020376,0,FLY,ev,3
12.433333333333334,12.45,0.01666666666666572,106,0,0,0,0,0,0,0.0,0.0,0,0,0,0,1,0,1,0,0,0,0,0,1,0,0,1,0,1,0,0,0,1,0,1,0,0,0,1,0,0,0,1,0,0,0,1,2025020376,0,FLY,5v5,3
12.45,12.533333333333333,0.08333333333333393,107,0,0,0,0,0,0,0.0,0.0,0,0,0,0,1,1,1,0,0,0,1,0,0,0,0,0,0,1,0,0,0,1,0,1,0,0,0,1,0,0,0,1,0,0,0,1,2025020376,0,FLY,5v5,3
12.533333333333333,12.566666666666666,0.033333333333333215,108,0,0,0,0,0,0,0.0,0.0,0,0,0,0,1,1,0,0,0,0,1,0,0,0,1,0,0,1,0,0,0,1,0,1,0,0,0,1,0,0,0,1,0,0,0,1,2025020376,0,FLY,5v5,3
12.566666666666666,12.6,0.033333333333333215,109,0,0,0,0,0,0,0.0,0.0,0,0,0,0,0,1,0,0,0,0,1,0,0,0,1,0,1,1,0,0,0,1,0,1,0,0,0,1,0,0,0,1,0,0,0,1,2025020376,0,FLY,5v5,3
12.6,12.616666666666667,0.016666666666667496,110,0,0,0,0,0,0,0.0,0.0,0,0,0,0,0,1,0,0,0,0,1,0,0,0,1,0,1,1,0,0,0,0,0,1,0,0,0,1,0,0,1,1,0,0,0,1,2025020376,0,FLY,5v5,3
12.616666666666667,12.85,0.2333333333333325,111,1,0,0,0,0,0,0.10095689749219468,0.0,0,0,0,0,0,1,0,0,0,0,1,0,0,0,1,0,1,1,0,0,0,0,0,0,0,0,0,1,0,0,1,1,1,0,0,1,2025020376,0,FLY,ev,3
12.85,12.866666666666667,0.016666666666667496,112,0,0,0,0,0,0,0.0,0.0,0,0,0,0,0,1,0,0,0,0,1,0,0,0,1,0,1,1,1,0,0,0,0,0,0,0,0,0,0,0,1,1,1,0,0,1,2025020376,0,FLY,5v5,3
12.866666666666667,13.15,0.2833333333333332,113,0,1,0,1,0,0,0.0,0.12860698744374632,0,0,0,0,0,1,0,0,0,0,1,0,0,0,1,0,1,1,1,0,0,0,1,0,0,0,0,0,0,0,1,0,1,0,0,1,2025020376,0,FLY,ev,3
13.15,13.75,0.5999999999999996,114,0,0,0,0,0,0,0.0,0.0,0,0,1,1,0,0,0,1,1,0,0,0,0,1,0,0,0,0,0,1,1,0,0,0,0,0,1,0,1,0,0,0,0,1,0,0,2025020376,0,O,ev,3
13.75,13.783333333333333,0.033333333333333215,115,0,0,0,0,0,0,0.0,0.0,1,0,0,1,1,0,0,1,0,1,0,0,0,0,0,0,0,0,0,1,1,0,0,0,0,0,1,0,1,0,0,0,0,1,0,0,2025020376,0,FLY,5v5,3
13.783333333333333,13.85,0.06666666666666643,116,0,0,0,0,0,0,0.0,0.0,1,0,0,1,1,0,0,1,0,1,0,0,0,0,0,0,0,0,1,1,0,0,0,0,0,0,1,0,1,0,0,0,0,1,0,0,2025020376,0,FLY,ev,3
13.85,13.983333333333333,0.13333333333333286,117,0,0,0,0,0,0,0.0,0.0,1,0,0,0,1,0,0,1,0,1,0,1,0,0,0,0,0,0,1,0,0,0,0,0,0,0,1,0,1,0,1,0,0,1,0,0,2025020376,0,FLY,5v5,3
13.983333333333333,14.083333333333334,0.10000000000000142,118,0,0,0,0,0,0,0.0,0.0,1,0,0,0,1,0,0,1,0,1,0,1,0,0,0,0,0,0,1,0,0,0,1,0,0,0,1,0,1,0,1,0,0,0,0,0,2025020376,0,FLY,ev,3
14.083333333333334,14.1,0.01666666666666572,119,0,0,0,0,0,0,0.0,0.0,1,0,0,0,1,0,0,0,0,1,0,1,1,0,0,0,0,0,1,0,0,0,1,0,0,0,1,0,1,0,1,0,0,0,0,0,2025020376,0,FLY,5v5,3
14.1,14.233333333333333,0.13333333333333286,120,0,0,0,0,0,0,0.0,0.0,1,0,0,0,1,0,0,0,0,1,0,1,1,0,0,0,0,0,1,0,0,0,1,0,1,0,0,0,1,0,1,0,0,0,0,0,2025020376,0,FLY,ev,3
14.233333333333333,14.6,0.36666666666666714,121,0,0,0,0,0,0,0.0,0.0,0,1,0,0,1,0,1,0,0,0,0,0,1,0,0,1,0,0,1,0,0,0,1,0,1,0,0,0,1,0,1,0,0,0,0,0,2025020376,0,O,ev,3
14.6,14.633333333333333,0.033333333333333215,122,0,0,0,0,0,0,0.0,0.0,0,1,0,0,1,0,1,0,0,0,0,0,1,0,0,1,0,0,1,0,0,0,1,1,1,0,0,0,0,0,1,0,0,0,0,0,2025020376,0,FLY,5v5,3
14.633333333333333,14.716666666666667,0.08333333333333393,123,0,1,0,0,0,0,0.0,0.01533130793265068,0,1,0,0,1,0,1,0,0,0,0,0,1,0,0,1,0,0,0,0,0,0,1,1,1,0,0,0,0,0,1,0,0,0,1,0,2025020376,0,FLY,ev,3
14.716666666666667,14.766666666666667,0.05000000000000071,124,0,0,0,0,0,0,0.0,0.0,0,1,0,0,0,0,1,0,0,0,1,0,1,0,0,1,0,0,0,0,0,0,1,1,1,0,0,0,0,0,1,0,0,0,1,0,2025020376,0,FLY,5v5,3
14.766666666666667,14.883333333333333,0.11666666666666536,125,0,0,0,0,0,0,0.0,0.0,0,1,0,0,0,0,1,0,0,0,1,0,0,0,0,1,1,0,0,0,0,0,1,1,1,0,0,0,0,0,1,0,0,0,1,0,2025020376,0,FLY,ev,3
14.883333333333333,14.916666666666666,0.033333333333333215,126,1,0,1,0,0,0,0.04014467361120028,0.0,0,0,0,0,0,1,1,0,0,0,1,0,0,0,0,1,1,0,0,0,0,1,0,1,1,1,0,0,0,0,0,0,0,0,1,0,2025020376,0,FLY,ev,3
14.916666666666666,15.15,0.23333333333333428,127,1,0,0,0,0,0,0.006172800003019901,0.0,0,0,0,0,0,1,1,0,0,0,1,0,0,0,0,0,1,1,0,0,0,1,0,1,1,1,0,0,0,0,0,0,0,0,1,0,2025020376,0,FLY,ev,3
15.15,15.466666666666667,0.31666666666666643,128,1,0,0,0,0,0,0.07293386087669652,0.0,0,0,0,0,0,1,1,0,0,0,1,0,0,0,0,0,1,1,0,0,0,1,0,1,0,1,0,0,0,1,0,0,0,0,1,0,2025020376,0,FLY,ev,3
15.466666666666667,15.533333333333333,0.06666666666666643,129,0,0,0,0,0,0,0.0,0.0,0,0,0,0,0,1,1,1,0,0,1,0,0,0,0,0,0,1,0,0,0,1,0,1,0,1,0,0,0,1,0,0,0,0,1,0,2025020376,0,FLY,5v5,3
15.533333333333333,15.55,0.016666666666667496,130,0,0,0,0,0,0,0.0,0.0,0,0,0,0,0,1,0,1,0,0,1,0,0,0,1,0,0,1,0,0,0,1,0,1,0,1,0,0,0,1,0,0,0,0,1,0,2025020376,0,FLY,5v5,3
15.55,15.7,0.14999999999999858,131,0,0,0,0,0,0,0.0,0.0,0,0,0,0,0,1,0,1,1,0,0,0,0,0,1,0,0,1,0,0,0,1,0,1,0,1,0,0,0,1,0,0,0,0,1,0,2025020376,0,FLY,5v5,3
15.7,15.783333333333333,0.08333333333333393,132,0,0,0,0,0,0,0.0,0.0,0,0,1,0,0,1,0,1,1,0,0,0,0,0,1,0,0,0,0,0,0,1,0,1,0,1,0,0,0,1,0,0,0,0,1,0,2025020376,0,FLY,5v5,3
15.783333333333333,15.8,0.016666666666667496,133,0,0,0,0,0,0,0.0,0.0,0,0,1,0,0,0,0,1,1,0,0,0,0,1,1,0,0,0,0,0,0,1,0,0,0,1,0,0,0,0,0,1,1,0,0,1,2025020376,0,FLY,5v5,3
15.8,15.816666666666666,0.01666666666666572,134,0,0,0,0,0,0,0.0,0.0,0,0,1,1,0,0,0,1,1,0,0,0,0,1,0,0,0,0,0,0,0,1,0,0,0,1,0,0,0,0,0,1,1,0,0,1,2025020376,0,FLY,5v5,3
15.816666666666666,16.1,0.283333333333335,135,0,0,0,0,0,0,0.0,0.0,0,0,1,1,0,0,0,1,1,0,0,0,0,1,0,0,0,0,0,0,0,1,0,0,0,0,0,1,0,0,0,1,1,0,0,1,2025020376,0,FLY,5v5,3
16.1,16.5,0.3999999999999986,136,0,0,0,0,0,0,0.0,0.0,0,0,1,1,0,0,0,1,1,0,0,0,0,1,0,0,0,0,0,1,0,0,0,0,0,0,0,1,0,0,0,1,1,0,0,1,2025020376,0,FLY,5v5,3
16.5,16.533333333333335,0.03333333333333499,137,0,0,0,0,0,0,0.0,0.0,0,0,1,0,0,0,0,1,1,0,0,1,0,1,0,0,0,0,0,1,0,0,0,0,0,0,0,1,0,0,0,1,1,0,0,1,2025020376,0,FLY,5v5,3
16.533333333333335,16.55,0.01666666666666572,138,0,0,0,0,0,0,0.0,0.0,0,0,1,0,0,0,0,1,1,1,0,1,0,0,0,0,0,0,0,1,0,0,0,0,0,0,0,1,0,0,0,1,1,0,0,1,2025020376,0,FLY,5v5,3
16.55,16.6,0.05000000000000071,139,0,0,0,0,0,0,0.0,0.0,0,0,1,0,1,0,0,1,0,1,0,1,0,0,0,0,0,0,0,1,0,0,0,0,0,0,0,1,0,0,0,1,1,0,0,1,2025020376,0,FLY,5v5,3
16.6,16.7,0.09999999999999787,140,0,0,0,0,0,0,0.0,0.0,1,0,0,0,1,0,0,1,0,1,0,1,0,0,0,0,0,0,0,1,0,0,0,0,0,0,0,1,0,0,0,1,1,0,0,1,2025020376,0,FLY,ev,3
16.7,16.716666666666665,0.01666666666666572,141,0,0,0,0,0,0,0.0,0.0,1,0,0,0,1,0,0,0,0,1,0,1,1,0,0,0,0,0,0,1,0,0,0,0,0,0,0,1,0,0,0,1,1,0,0,1,2025020376,0,FLY,5v5,3
16.716666666666665,16.9,0.18333333333333357,142,0,1,0,1,0,0,0.0,0.09535336919064487,1,0,0,0,1,0,0,0,0,1,0,1,1,0,0,0,0,0,0,1,0,0,1,0,0,0,0,0,0,0,0,1,1,0,0,1,2025020376,0,FLY,ev,3
16.9,16.916666666666668,0.016666666666669272,143,0,0,0,0,0,0,0.0,0.0,1,0,0,0,1,0,0,0,0,1,0,1,1,0,0,0,0,0,1,0,0,0,1,1,0,0,0,0,0,0,0,0,1,0,0,1,2025020376,0,FLY,5v5,3
16.916666666666668,17.3,0.38333333333333286,144,0,1,0,1,0,0,0.0,0.010792364072935965,1,0,0,0,1,0,0,0,0,1,0,1,1,0,0,0,0,0,1,0,0,1,1,1,1,0,0,0,0,0,0,0,0,0,0,0,2025020376,0,FLY,ev,3
17.3,17.333333333333332,0.03333333333333144,145,0,0,0,0,0,0,0.0,0.0,1,0,0,0,1,0,1,0,0,1,0,0,1,0,0,0,0,0,1,0,0,1,1,1,1,0,0,0,0,0,0,0,0,0,0,0,2025020376,0,FLY,5v5,3
17.333333333333332,17.483333333333334,0.15000000000000213,146,0,0,0,0,0,0,0.0,0.0,0,1,0,0,1,0,1,0,0,0,0,0,1,0,0,1,0,0,1,0,0,1,1,1,1,0,0,0,0,0,0,0,0,0,0,0,2025020376,0,FLY,5v5,3
17.483333333333334,17.5,0.01666666666666572,147,0,0,0,0,0,0,0.0,0.0,0,1,0,0,1,0,1,0,0,0,1,0,0,0,0,1,0,0,1,0,0,1,1,1,1,0,0,0,0,0,0,0,0,0,0,0,2025020376,0,FLY,5v5,3
17.5,17.666666666666668,0.16666666666666785,148,0,0,0,0,0,0,0.0,0.0,0,1,0,0,0,0,1,0,0,0,1,0,0,0,0,1,1,0,1,0,0,1,1,1,1,0,0,0,0,0,0,0,0,0,0,0,2025020376,0,FLY,ev,3
17.666666666666668,17.683333333333334,0.01666666666666572,149,0,0,0,0,0,0,0.0,0.0,0,1,0,0,0,0,1,0,0,0,1,0,0,0,0,1,1,0,0,0,1,1,1,1,1,0,0,0,0,0,0,0,0,0,0,0,2025020376,0,FLY,ev,3
17.683333333333334,17.7,0.01666666666666572,150,0,0,0,0,0,0,0.0,0.0,0,1,0,0,0,0,1,0,0,0,1,0,0,0,0,1,1,0,0,0,1,1,0,1,1,0,0,0,1,0,0,0,0,0,0,0,2025020376,0,FLY,5v5,3
17.7,17.733333333333334,0.03333333333333499,151,0,0,0,0,0,0,0.0,0.0,0,1,0,0,0,0,1,0,0,0,1,0,0,0,0,1,1,0,0,0,1,1,0,0,1,0,0,0,1,0,0,0,0,1,0,0,2025020376,0,FLY,5v5,3
17.733333333333334,17.766666666666666,0.03333333333333144,152,0,0,0,0,0,0,0.0,0.0,0,1,0,0,0,0,1,0,0,0,1,0,0,0,0,1,1,0,0,0,1,1,0,0,0,0,1,0,1,0,0,0,0,1,0,0,2025020376,0,FLY,5v5,3
17.766666666666666,17.883333333333333,0.11666666666666714,153,0,0,0,0,0,0,0.0,0.0,0,1,0,0,0,0,1,0,0,0,1,0,0,0,0,1,1,0,0,1,1,0,0,0,0,0,1,0,1,0,0,0,0,1,0,0,2025020376,0,FLY,5v5,3
17.883333333333333,17.916666666666668,0.03333333333333499,154,0,0,0,0,0,0,0.0,0.0,0,1,0,0,0,1,0,0,0,0,1,0,0,0,1,0,1,0,0,1,1,0,0,0,0,0,1,0,1,0,0,0,0,1,0,0,2025020376,0,FLY,5v5,3
17.916666666666668,18.35,0.43333333333333357,155,1,0,1,0,0,0,0.007916959181607945,0.0,0,0,0,0,0,1,0,0,0,0,1,0,0,0,1,0,1,1,0,1,1,0,0,0,0,0,1,0,1,0,0,0,0,1,0,0,2025020376,0,FLY,ev,3
18.35,19.0,0.6499999999999986,156,1,0,0,0,0,0,0.030674212671919866,0.0,0,0,1,1,0,0,0,1,1,0,0,0,0,1,0,0,0,0,0,1,0,0,0,0,0,1,0,0,1,1,0,0,0,0,1,0,2025020376,0,O,ev,3
19.0,19.016666666666666,0.01666666666666572,157,0,0,0,0,0,0,0.0,0.0,0,1,1,1,1,0,0,1,0,0,0,0,0,0,0,0,0,0,0,1,0,0,0,0,0,1,0,0,1,1,0,0,0,0,1,0,2025020376,0,FLY,5v5,3
19.016666666666666,19.316666666666666,0.3000000000000007,158,0,0,0,0,0,0,0.0,0.0,0,1,0,1,1,0,0,1,0,0,0,0,0,0,0,1,0,0,0,1,0,0,0,0,0,1,0,0,1,1,0,0,0,0,1,0,2025020376,0,FLY,ev,3
19.316666666666666,19.766666666666666,0.4499999999999993,159,2,0,1,0,0,0,0.1344233821844748,0.0,1,1,0,0,1,0,0,0,0,0,0,0,1,0,0,0,0,0,0,1,1,0,0,0,0,0,1,1,0,0,0,1,0,0,0,0,2025020376,0,O,pk,3
19.766666666666666,20.0,0.23333333333333428,160,1,0,1,0,0,0,0.029163356651011146,0.0,0,1,0,0,1,0,0,0,0,0,0,0,1,0,0,0,0,1,0,1,1,0,0,0,0,0,1,1,0,0,0,1,0,0,0,0,2025020376,0,FLY,pk,3
20.0,20.333333333333332,0.33333333333333215,161,0,0,0,0,0,0,0.0,0.0,0,1,0,0,0,0,0,1,0,0,1,0,0,0,0,0,0,1,0,1,1,0,0,0,0,0,1,1,0,0,0,1,0,0,0,0,2025020376,0,N,pk,3
20.333333333333332,20.366666666666667,0.03333333333333499,162,0,0,0,0,0,0,0.0,0.0,0,0,0,1,0,0,0,1,0,0,1,0,0,0,0,0,0,1,0,1,1,0,0,0,0,0,1,1,0,0,0,1,0,0,0,0,2025020376,0,FLY,pk,3
20.366666666666667,20.716666666666665,0.34999999999999787,163,0,0,0,0,0,0,0.0,0.0,0,0,1,1,0,0,0,1,0,0,1,0,0,0,0,0,0,0,0,1,1,0,0,0,0,0,1,1,0,0,0,1,0,0,0,0,2025020376,0,FLY,pk,3
20.716666666666665,20.816666666666666,0.10000000000000142,164,0,0,0,0,0,0,0.0,0.0,0,0,1,1,0,0,0,0,0,0,1,0,1,0,0,0,0,0,0,1,1,0,0,0,0,0,1,1,0,0,0,1,0,0,0,0,2025020376,0,FLY,pk,3
20.816666666666666,20.833333333333332,0.01666666666666572,165,0,0,0,0,0,0,0.0,0.0,1,0,0,1,1,0,0,0,0,0,0,0,1,0,0,0,0,0,0,1,1,0,0,0,0,0,1,1,0,0,0,1,0,0,0,0,2025020376,0,FLY,pk,3
20.833333333333332,20.866666666666667,0.03333333333333499,166,0,0,0,0,0,0,0.0,0.0,1,0,0,1,1,0,0,0,0,0,0,0,1,0,0,0,0,0,0,1,1,1,0,0,0,0,1,0,0,0,0,0,0,0,1,0,2025020376,0,FLY,pk,3
20.866666666666667,21.016666666666666,0.14999999999999858,167,0,0,0,0,0,0,0.0,0.0,1,0,0,1,1,0,0,0,0,0,0,0,1,0,0,0,0,0,0,1,0,1,0,0,0,1,1,0,0,0,0,0,0,0,1,0,2025020376,0,FLY,pp,3
21.016666666666666,21.066666666666666,0.05000000000000071,168,0,0,0,0,0,0,0.0,0.0,1,0,0,0,1,0,0,0,0,0,0,0,1,0,0,0,0,1,0,1,0,1,0,0,0,1,1,0,0,0,0,0,0,0,1,0,2025020376,0,FLY,pk,3
21.066666666666666,21.1,0.03333333333333499,169,0,0,0,0,0,0,0.0,0.0,1,0,0,0,1,0,0,0,0,0,0,0,1,0,0,0,0,1,0,1,0,1,0,1,0,1,0,0,0,0,0,0,0,0,1,0,2025020376,0,FLY,pk,3
21.1,21.316666666666666,0.216666666666665,170,0,0,0,0,0,0,0.0,0.0,1,0,0,0,1,0,0,0,0,0,0,0,1,0,0,0,0,1,0,0,0,1,0,1,0,1,0,0,0,1,0,0,0,0,1,0,2025020376,0,FLY,pk,3
21.316666666666666,21.7,0.38333333333333286,171,0,0,0,0,0,0,0.0,0.0,1,0,0,0,1,0,0,0,0,0,0,0,1,0,0,1,0,1,0,0,0,1,0,1,0,1,0,0,0,1,0,0,0,0,1,0,2025020376,0,FLY,ev,3
21.7,21.816666666666666,0.11666666666666714,172,0,0,0,0,0,0,0.0,0.0,1,0,0,0,1,0,0,0,0,0,0,0,1,0,0,1,0,1,1,0,0,0,0,1,0,1,0,0,0,1,1,0,0,0,0,0,2025020376,0,FLY,5v5,3
21.816666666666666,21.833333333333332,0.01666666666666572,173,0,0,0,0,0,0,0.0,0.0,1,0,0,0,0,0,0,1,1,0,0,0,1,0,0,1,0,0,1,0,0,0,0,1,0,1,0,0,0,1,1,0,0,0,0,0,2025020376,0,FLY,5v5,3
21.833333333333332,22.016666666666666,0.18333333333333357,174,0,0,0,0,0,0,0.0,0.0,0,1,0,0,0,0,1,1,1,0,0,0,0,0,0,1,0,0,1,0,0,0,0,1,0,1,0,0,0,1,1,0,0,0,0,0,2025020376,0,FLY,5v5,3
22.016666666666666,22.03333333333333,0.01666666666666572,175,0,0,0,0,0,0,0.0,0.0,0,1,0,0,0,0,1,1,1,0,0,0,0,0,0,1,0,0,1,0,0,0,0,1,0,0,0,0,1,1,1,0,0,0,0,0,2025020376,0,FLY,5v5,3
22.03333333333333,22.066666666666666,0.03333333333333499,176,0,0,0,0,0,0,0.0,0.0,0,1,0,0,0,0,1,1,1,0,0,0,0,0,0,1,0,0,1,0,0,0,1,0,0,0,0,0,1,1,1,0,0,0,0,0,2025020376,0,FLY,5v5,3
22.066666666666666,22.316666666666666,0.25,177,0,0,0,0,0,0,0.0,0.0,0,1,0,0,0,0,1,1,1,0,0,0,0,0,0,1,0,0,1,0,0,0,1,0,1,0,0,0,1,0,1,0,0,0,0,0,2025020376,0,FLY,5v5,3
22.316666666666666,22.75,0.43333333333333357,178,1,0,1,0,0,0,0.09037488194841369,0.0,0,1,0,0,0,0,1,1,1,0,0,0,0,1,0,0,0,0,1,0,0,0,1,0,1,0,0,0,1,0,1,0,0,0,0,0,2025020376,0,FLY,ev,3
22.75,22.766666666666666,0.01666666666666572,179,0,0,0,0,0,0,0.0,0.0,0,1,0,0,0,0,1,1,0,0,0,0,0,1,0,0,1,0,1,0,0,0,1,0,1,0,0,0,1,0,1,0,0,0,0,0,2025020376,0,FLY,5v5,3
22.766666666666666,22.78333333333333,0.01666666666666572,180,0,0,0,0,0,0,0.0,0.0,0,1,0,0,0,0,1,0,0,0,1,0,0,1,0,0,1,0,1,0,0,0,1,0,1,0,0,0,1,0,1,0,0,0,0,0,2025020376,0,FLY,5v5,3
22.78333333333333,22.866666666666667,0.0833333333333357,181,0,0,0,0,0,0,0.0,0.0,0,1,0,1,0,0,0,0,0,0,1,0,0,1,0,0,1,0,1,0,0,0,1,0,1,0,0,0,1,0,1,0,0,0,0,0,2025020376,0,FLY,5v5,3
22.866666666666667,22.933333333333334,0.06666666666666643,182,0,0,0,0,0,0,0.0,0.0,0,0,1,1,0,0,0,0,0,0,1,0,0,1,0,0,1,0,1,0,0,0,1,0,1,0,0,0,1,0,1,0,0,0,0,0,2025020376,0,FLY,5v5,3
22.933333333333334,22.95,0.01666666666666572,183,0,0,0,0,0,0,0.0,0.0,0,0,1,1,0,0,0,0,0,0,1,0,0,1,0,0,1,0,0,0,0,1,1,0,1,0,0,0,1,0,1,0,0,0,0,0,2025020376,0,FLY,5v5,3
22.95,22.96666666666667,0.016666666666669272,184,0,0,0,0,0,0,0.0,0.0,0,0,1,1,0,0,0,0,0,0,1,0,0,1,0,0,1,0,0,0,1,1,0,1,1,0,0,0,0,0,1,0,0,0,0,0,2025020376,0,FLY,5v5,3
22.96666666666667,23.016666666666666,0.04999999999999716,185,0,0,0,0,0,0,0.0,0.0,0,0,1,1,0,0,0,0,0,0,1,0,0,1,0,0,1,0,0,0,1,1,0,1,0,0,1,0,0,0,0,0,0,1,0,0,2025020376,0,FLY,5v5,3
23.016666666666666,23.28333333333333,0.2666666666666657,186,1,0,1,0,0,0,0.11272661945185618,0.0,0,0,1,1,0,1,0,0,0,0,1,0,0,0,0,0,1,0,0,0,1,1,0,1,0,0,1,0,0,0,0,0,0,1,0,0,2025020376,0,FLY,ev,3
23.28333333333333,23.816666666666666,0.533333333333335,187,2,0,0,0,0,0,0.13431403966744637,0.0,0,0,0,0,1,1,0,0,0,0,0,0,1,0,1,0,0,1,0,0,0,0,0,0,0,0,0,1,0,0,1,1,1,0,0,1,2025020376,0,O,ev,3
23.816666666666666,24.0,0.18333333333333357,188,0,0,0,0,0,0,0.0,0.0,1,0,0,0,0,0,0,1,1,1,0,1,0,0,0,0,0,0,0,0,0,0,0,0,0,0,0,1,0,0,1,1,1,0,0,1,2025020376,0,O,5v5,3
24.0,24.15,0.14999999999999858,189,0,0,0,0,0,0,0.0,0.0,1,0,0,0,0,0,0,1,1,1,0,1,0,0,0,0,0,0,0,0,0,0,0,0,0,0,1,1,0,0,1,1,1,0,0,0,2025020376,0,FLY,ev,3
24.15,24.166666666666668,0.016666666666669272,190,0,0,0,0,0,0,0.0,0.0,1,0,0,0,0,0,0,1,1,1,0,1,0,0,0,0,0,0,0,1,0,0,0,0,0,0,1,0,0,0,1,1,1,0,0,0,2025020376,0,FLY,5v5,3
24.166666666666668,24.183333333333334,0.01666666666666572,191,0,0,0,0,0,0,0.0,0.0,1,0,0,0,0,0,0,1,1,1,0,1,0,0,0,0,0,0,0,1,1,0,0,0,0,0,1,0,1,0,0,0,1,0,0,0,2025020376,0,FLY,5v5,3
24.183333333333334,24.616666666666667,0.43333333333333357,192,1,0,0,0,0,0,0.006086261747234053,0.0,1,0,0,0,0,0,0,1,1,1,0,1,0,0,0,0,0,0,0,1,1,0,0,0,0,0,1,0,1,0,0,0,0,1,0,0,2025020376,0,FLY,ev,3
24.616666666666667,25.233333333333334,0.6166666666666671,193,0,1,0,1,0,0,0.0,0.02284014461240665,0,1,0,0,0,0,1,0,0,0,1,0,0,0,0,1,1,0,0,1,1,0,0,0,0,0,1,0,1,0,0,0,0,1,0,0,2025020376,0,D,ev,3
25.233333333333334,25.25,0.01666666666666572,194,0,0,0,0,0,0,0.0,0.0,0,1,0,0,0,0,1,0,0,0,1,0,0,1,0,0,1,0,0,1,1,0,0,0,0,0,1,0,1,0,0,0,0,1,0,0,2025020376,0,FLY,5v5,3
25.25,25.266666666666666,0.01666666666666572,195,0,0,0,0,0,0,0.0,0.0,0,1,1,0,0,0,0,0,0,0,0,0,1,1,0,0,1,0,0,1,0,0,0,0,0,0,1,0,1,0,0,0,0,1,1,0,2025020376,0,FLY,5v5,3
25.266666666666666,25.333333333333332,0.06666666666666643,196,0,0,0,0,0,0,0.0,0.0,0,0,1,1,0,0,0,0,0,0,0,0,1,1,0,0,1,0,0,1,0,0,0,0,0,0,1,0,1,0,0,0,0,1,1,0,2025020376,0,FLY,5v5,3
25.333333333333332,25.35,0.016666666666669272,197,0,0,0,0,0,0,0.0,0.0,0,0,1,1,0,0,0,0,0,0,0,0,1,1,0,0,1,0,0,1,0,0,0,0,0,0,0,0,1,1,0,0,0,1,1,0,2025020376,0,FLY,ev,3
25.35,26.133333333333333,0.7833333333333314,198,1,0,1,0,0,0,0.13020953327792084,0.0,0,0,1,1,1,0,0,0,0,0,0,0,1,1,0,0,0,0,0,0,0,1,0,1,0,1,0,0,0,1,0,0,0,0,1,0,2025020376,0,N,ev,3
26.133333333333333,26.15,0.01666666666666572,199,0,0,0,0,0,0,0.0,0.0,0,0,1,1,1,0,0,0,0,0,0,0,1,1,0,0,0,0,1,0,0,1,0,1,0,1,0,0,0,1,0,0,0,0,0,0,2025020376,0,FLY,5v5,3
26.15,26.183333333333334,0.03333333333333499,200,0,0,0,0,0,0,0.0,0.0,0,0,1,1,1,1,0,0,0,0,0,0,1,0,0,0,0,0,1,0,0,1,1,1,0,0,0,0,0,1,0,0,0,0,0,0,2025020376,0,FLY,5v5,3
26.183333333333334,26.21666666666667,0.03333333333333499,201,0,0,0,0,0,0,0.0,0.0,0,0,0,1,1,1,0,0,0,0,0,0,1,0,0,0,0,1,1,0,0,1,1,1,0,0,0,0,0,1,0,0,0,0,0,0,2025020376,0,FLY,5v5,3
26.21666666666667,26.233333333333334,0.01666666666666572,202,0,0,0,0,0,0,0.0,0.0,0,0,0,0,1,1,0,0,0,0,0,0,1,0,1,0,0,1,1,0,0,1,1,1,0,0,0,0,0,1,0,0,0,0,0,0,2025020376,0,FLY,5v5,3
26.233333333333334,26.266666666666666,0.03333333333333144,203,1,0,1,0,0,0,0.015285755236777051,0.0,0,0,0,0,1,1,0,0,0,0,0,0,1,0,1,0,0,1,1,0,0,1,1,0,0,0,0,0,0,1,0,0,1,0,0,0,2025020376,0,FLY,ev,3
26.266666666666666,26.3,0.03333333333333499,204,0,0,0,0,0,0,0.0,0.0,0,0,0,0,1,1,0,0,0,0,0,0,1,0,1,0,0,1,1,0,0,0,1,0,0,0,0,0,0,1,1,0,1,0,0,0,2025020376,0,FLY,5v5,3
26.3,26.35,0.05000000000000071,205,0,0,0,0,0,0,0.0,0.0,0,0,0,0,1,1,0,0,0,0,0,0,1,0,1,0,0,1,1,0,0,0,1,0,1,0,0,0,0,0,1,0,1,0,0,0,2025020376,0,FLY,5v5,3
26.35,26.366666666666667,0.01666666666666572,206,0,0,0,0,0,0,0.0,0.0,0,0,0,0,0,1,0,0,1,0,0,0,1,0,1,0,0,1,1,0,0,0,1,0,1,0,0,0,0,0,1,0,1,0,0,0,2025020376,0,FLY,5v5,3
26.366666666666667,26.433333333333334,0.06666666666666643,207,0,0,0,0,0,0,0.0,0.0,0,0,0,0,0,1,0,1,1,0,0,0,0,0,1,0,0,1,1,0,0,0,1,0,1,0,0,0,0,0,1,0,1,0,0,0,2025020376,0,FLY,ev,3
26.433333333333334,27.05,0.6166666666666671,208,0,0,0,0,0,0,0.0,0.0,0,1,0,0,0,0,1,1,1,0,0,0,0,0,0,1,0,0,0,0,1,1,0,1,0,0,1,0,0,0,0,0,0,1,0,0,2025020376,0,N,ev,3
27.05,27.21666666666667,0.16666666666666785,209,0,0,0,0,0,0,0.0,0.0,0,1,0,0,0,0,1,1,1,0,0,0,0,0,0,1,0,0,0,1,1,1,0,0,0,0,1,0,0,0,0,0,0,1,0,0,2025020376,0,FLY,ev,3
27.21666666666667,27.233333333333334,0.01666666666666572,210,0,0,0,0,0,0,0.0,0.0,0,1,0,1,0,0,0,1,1,0,0,0,0,0,0,1,0,0,0,1,1,1,0,0,0,0,1,0,0,0,0,0,0,1,0,0,2025020376,0,FLY,5v5,3
27.233333333333334,27.25,0.01666666666666572,211,0,0,0,0,0,0,0.0,0.0,0,1,0,1,0,0,0,1,0,0,0,0,1,0,0,1,0,0,0,1,1,1,0,0,0,0,1,0,0,0,0,0,0,1,0,0,2025020376,0,FLY,5v5,3
27.25,27.28333333333333,0.03333333333333144,212,0,0,0,0,0,0,0.0,0.0,0,0,1,1,0,0,0,1,0,0,0,0,1,0,0,1,0,0,0,1,0,1,0,0,0,0,1,0,0,0,0,1,0,1,0,0,2025020376,0,FLY,5v5,3
27.28333333333333,27.333333333333332,0.05000000000000071,213,0,0,0,0,0,0,0.0,0.0,0,0,1,1,0,0,0,1,0,0,0,0,1,0,0,1,0,0,0,1,0,1,0,0,0,0,1,1,0,0,0,1,0,0,0,0,2025020376,0,FLY,5v5,3
27.333333333333332,27.583333333333332,0.25,214,0,0,0,0,0,0,0.0,0.0,0,0,1,1,0,0,0,1,0,0,0,0,1,0,0,1,0,0,0,1,0,0,0,0,0,0,1,1,1,0,0,1,0,0,0,0,2025020376,0,FLY,5v5,3
27.583333333333332,27.816666666666666,0.23333333333333428,215,0,0,0,0,0,0,0.0,0.0,0,0,1,1,0,0,0,1,0,0,0,0,1,0,0,1,0,0,0,1,0,0,0,0,0,0,0,1,1,0,0,1,0,0,0,1,2025020376,0,FLY,5v5,3
27.816666666666666,27.833333333333332,0.01666666666666572,216,0,0,0,0,0,0,0.0,0.0,0,0,1,0,0,0,0,1,0,0,0,0,1,1,0,1,0,0,0,1,0,0,0,0,0,0,0,1,1,0,0,1,0,0,0,1,2025020376,0,FLY,5v5,3
27.833333333333332,27.866666666666667,0.03333333333333499,217,0,0,0,0,0,0,0.0,0.0,0,0,1,0,0,0,0,1,0,0,0,0,1,1,0,1,0,0,1,1,0,0,0,0,0,0,0,1,1,0,0,0,0,0,0,1,2025020376,0,FLY,5v5,3
27.866666666666667,27.95,0.08333333333333215,218,0,0,0,0,0,0,0.0,0.0,0,0,1,0,0,1,0,1,0,0,0,0,1,1,0,0,0,0,1,1,0,0,0,0,0,0,0,1,1,0,0,0,0,0,0,1,2025020376,0,FLY,5v5,3
27.95,28.03333333333333,0.08333333333333215,219,0,0,0,0,0,0,0.0,0.0,0,0,0,0,0,1,0,1,0,0,0,0,1,1,1,0,0,0,1,1,0,0,0,0,0,0,0,1,1,0,0,0,0,0,0,1,2025020376,0,FLY,ev,3
28.03333333333333,28.133333333333333,0.10000000000000142,220,0,0,0,0,0,0,0.0,0.0,0,0,0,0,1,1,0,0,0,0,0,0,1,1,1,0,0,0,1,1,0,0,0,0,0,0,0,1,1,0,0,0,0,0,0,1,2025020376,0,FLY,5v5,3
28.133333333333333,28.15,0.01666666666666572,221,0,0,0,0,0,0,0.0,0.0,0,0,0,0,1,1,0,0,0,0,0,0,1,1,1,0,0,0,1,0,0,0,0,0,1,0,0,1,0,0,1,0,1,0,0,0,2025020376,0,FLY,5v5,3
28.15,28.383333333333333,0.23333333333333428,222,0,0,0,0,0,0,0.0,0.0,0,0,0,0,1,1,0,0,0,0,0,0,1,1,1,0,0,0,1,0,0,0,1,0,1,0,0,0,0,0,1,0,1,0,0,0,2025020376,0,FLY,ev,3
28.383333333333333,28.816666666666666,0.43333333333333357,223,0,1,0,1,0,0,0.0,0.010016727340508094,0,0,0,0,0,1,0,0,0,0,1,1,0,0,1,0,1,0,1,0,0,0,1,0,1,0,0,0,0,0,1,0,1,0,0,0,2025020376,0,N,ev,3
28.816666666666666,28.883333333333333,0.06666666666666643,224,0,0,0,0,0,0,0.0,0.0,0,0,0,0,0,1,0,0,0,0,1,1,0,0,1,0,1,0,1,0,0,1,1,0,1,0,0,0,0,0,0,0,1,0,0,0,2025020376,0,FLY,5v5,3
28.883333333333333,29.066666666666666,0.18333333333333357,225,0,0,0,0,0,0,0.0,0.0,0,0,0,0,0,1,0,0,0,0,1,1,0,0,1,0,1,0,1,0,0,1,1,1,1,0,0,0,0,0,0,0,0,0,0,0,2025020376,0,FLY,5v5,3
29.066666666666666,29.083333333333336,0.016666666666669272,226,0,0,0,0,0,0,0.0,0.0,0,0,0,0,0,1,1,0,0,0,1,0,0,0,1,0,1,0,1,0,0,1,1,1,0,0,0,0,0,1,0,0,0,0,0,0,2025020376,0,FLY,5v5,3
29.083333333333336,29.1,0.01666666666666572,227,0,0,0,0,0,0,0.0,0.0,0,0,0,0,0,1,1,0,1,0,0,0,0,0,1,0,1,0,1,0,0,1,1,1,0,0,0,0,0,1,0,0,0,0,0,0,2025020376,0,FLY,5v5,3
29.1,29.116666666666667,0.01666666666666572,228,0,0,0,0,0,0,0.0,0.0,0,1,0,0,0,1,1,0,1,0,0,0,0,0,0,0,1,0,1,0,0,1,1,1,0,0,0,0,0,1,0,0,0,0,0,0,2025020376,0,FLY,5v5,3
29.116666666666667,29.133333333333333,0.01666666666666572,229,0,0,0,0,0,0,0.0,0.0,0,1,0,0,0,0,1,0,1,0,0,0,0,0,0,1,1,0,1,0,0,1,1,1,0,0,0,0,0,1,0,0,0,0,0,0,2025020376,0,FLY,5v5,3
29.133333333333333,29.2,0.06666666666666643,230,0,0,0,0,0,0,0.0,0.0,0,1,0,0,0,0,1,0,1,0,0,0,0,0,0,1,1,0,1,0,0,1,0,1,0,1,0,0,0,1,0,0,0,0,0,0,2025020376,0,FLY,5v5,3
29.2,29.46666666666667,0.26666666666666927,231,0,0,0,0,0,0,0.0,0.0,0,1,0,0,0,0,1,0,1,0,0,0,0,0,0,1,1,0,0,0,0,1,0,1,0,1,0,0,0,1,0,0,0,0,1,0,2025020376,0,FLY,5v5,3
29.46666666666667,29.583333333333336,0.11666666666666714,232,0,0,0,0,0,0,0.0,0.0,0,1,0,0,0,0,1,1,1,0,0,0,0,0,0,1,0,0,0,0,0,1,0,1,0,1,0,0,0,1,0,0,0,0,1,0,2025020376,0,FLY,5v5,3
29.583333333333336,29.85,0.2666666666666657,233,0,0,0,0,0,0,0.0,0.0,0,1,0,0,0,0,1,1,1,0,0,0,0,1,0,0,0,0,0,1,0,1,0,0,0,1,0,0,0,1,0,0,0,0,1,0,2025020376,0,FLY,ev,3
29.85,29.883333333333333,0.03333333333333144,234,0,0,0,0,0,0,0.0,0.0,0,0,1,0,0,0,1,1,1,0,0,0,0,1,0,0,0,0,0,1,0,1,0,0,0,1,0,0,0,1,0,0,0,0,1,0,2025020376,0,FLY,5v5,3
29.883333333333333,30.016666666666666,0.13333333333333286,235,0,0,0,0,0,0,0.0,0.0,0,0,1,1,0,0,0,1,1,0,0,0,0,1,0,0,0,0,0,1,0,1,0,0,0,1,0,0,0,1,0,0,0,0,1,0,2025020376,0,FLY,5v5,3
30.016666666666666,30.1,0.0833333333333357,236,0,0,0,0,0,0,0.0,0.0,0,0,1,1,0,0,0,1,1,0,0,0,0,1,0,0,0,0,0,1,0,0,0,0,0,1,0,0,1,1,0,0,0,0,1,0,2025020376,0,FLY,ev,3
30.1,30.28333333333333,0.18333333333333002,237,0,0,0,0,0,0,0.0,0.0,0,0,1,1,0,0,0,1,1,0,0,0,0,1,0,0,0,0,0,1,1,0,0,0,0,0,1,1,1,0,0,0,0,0,0,0,2025020376,0,D,5v5,3
30.28333333333333,30.45,0.16666666666666785,238,0,0,0,0,0,0,0.0,0.0,0,0,1,1,0,0,0,0,1,0,0,0,1,1,0,0,0,0,0,1,1,0,0,0,0,0,1,1,1,0,0,0,0,0,0,0,2025020376,0,FLY,5v5,3
30.45,30.633333333333333,0.18333333333333357,239,0,0,0,0,0,0,0.0,0.0,0,0,1,0,0,0,0,0,1,0,0,1,1,1,0,0,0,0,0,1,1,0,0,0,0,0,1,1,1,0,0,0,0,0,0,0,2025020376,0,FLY,ev,3
30.633333333333333,30.666666666666664,0.03333333333333144,240,0,0,0,0,0,0,0.0,0.0,0,0,1,0,1,0,0,0,0,0,0,1,1,1,0,0,0,0,0,1,1,0,0,0,0,0,1,1,1,0,0,0,0,0,0,0,2025020376,0,FLY,5v5,3
30.666666666666664,30.78333333333333,0.11666666666666714,241,0,0,0,0,0,0,0.0,0.0,0,0,1,0,1,0,0,0,0,1,0,1,1,0,0,0,0,0,0,1,1,0,0,0,0,0,1,1,1,0,0,0,0,0,0,0,2025020376,0,FLY,5v5,3
30.78333333333333,30.916666666666664,0.13333333333333286,242,0,0,0,0,0,0,0.0,0.0,0,0,1,0,1,0,0,0,0,1,0,1,1,0,0,0,0,0,0,0,1,0,0,0,0,0,1,1,1,0,0,0,1,0,0,0,2025020376,0,FLY,5v5,3
30.916666666666664,31.583333333333336,0.6666666666666714,243,0,3,0,3,0,0,0.0,0.2679634267321217,1,0,0,0,1,0,0,0,0,1,0,1,1,0,0,0,0,0,0,0,1,0,0,0,0,0,1,1,1,0,0,0,1,0,0,0,2025020376,0,FLY,ev,3
31.583333333333336,31.616666666666667,0.03333333333333144,244,0,0,0,0,0,0,0.0,0.0,1,0,0,0,0,0,0,0,0,1,0,1,1,0,0,0,1,0,0,0,1,0,0,0,0,0,1,1,1,0,0,0,1,0,0,0,2025020376,0,FLY,5v5,3
31.616666666666667,31.683333333333334,0.06666666666666643,245,0,0,0,0,0,0,0.0,0.0,1,0,0,0,0,0,0,0,0,0,0,1,1,0,0,1,1,0,0,0,1,0,0,0,0,0,1,1,1,0,0,0,1,0,0,0,2025020376,0,FLY,5v5,3
31.683333333333334,31.833333333333336,0.15000000000000213,246,0,0,0,0,0,0,0.0,0.0,1,0,0,0,0,0,0,0,0,0,1,1,0,0,0,1,1,0,0,0,1,0,0,0,0,0,1,1,1,0,0,0,1,0,0,0,2025020376,0,FLY,ev,3
31.833333333333336,31.85,0.01666666666666572,247,0,0,0,0,0,0,0.0,0.0,1,0,0,0,0,0,1,0,0,0,1,0,0,0,0,1,1,0,0,0,1,0,0,0,0,0,1,1,0,0,0,1,1,0,0,0,2025020376,0,FLY,5v5,3
31.85,31.866666666666667,0.01666666666666572,248,0,0,0,0,0,0,0.0,0.0,0,1,0,0,0,0,1,0,0,0,1,0,0,0,0,1,1,0,0,0,0,1,0,0,0,0,1,1,0,0,0,1,1,0,0,0,2025020376,0,FLY,5v5,3
31.866666666666667,32.35,0.4833333333333343,249,0,1,0,0,0,0,0.0,0.01510037275484924,0,1,0,0,0,0,1,0,0,0,1,0,0,0,0,1,1,0,0,0,0,1,0,0,0,0,0,1,0,0,0,1,1,0,0,1,2025020376,0,FLY,ev,3
32.35,33.016666666666666,0.6666666666666643,250,0,1,0,1,0,0,0.0,0.2716586204961909,0,1,1,1,0,0,1,0,1,0,0,0,0,0,0,0,0,0,1,1,0,1,0,0,0,0,0,0,0,1,0,0,0,0,0,0,2025020376,0,O,pk,3
33.016666666666666,33.03333333333333,0.01666666666666572,251,0,0,0,0,0,0,0.0,0.0,0,1,1,1,0,0,1,0,1,0,0,0,0,0,0,0,0,0,1,1,0,1,0,0,0,0,0,0,0,0,0,0,0,0,1,0,2025020376,0,FLY,pp,3
33.03333333333333,33.06666666666666,0.03333333333333144,252,0,0,0,0,0,0,0.0,0.0,0,1,1,1,0,0,1,0,1,0,0,0,0,0,0,0,0,0,1,0,0,1,0,0,0,0,0,0,0,0,1,0,0,0,1,0,2025020376,0,FLY,pp,3
33.06666666666666,33.083333333333336,0.016666666666672825,253,0,0,0,0,0,0,0.0,0.0,0,1,1,1,0,0,1,0,1,0,0,0,0,0,0,0,0,0,1,0,0,0,0,1,0,0,0,0,0,0,1,0,0,0,1,0,2025020376,0,FLY,pp,3
33.083333333333336,33.516666666666666,0.43333333333333,254,0,1,0,1,0,0,0.0,0.08580885578678565,0,1,1,1,0,0,1,0,1,0,0,0,0,0,0,0,0,0,0,0,0,0,0,1,0,1,0,0,0,0,1,0,0,0,1,0,2025020376,0,FLY,pk,3
33.516666666666666,33.7,0.18333333333333712,255,0,0,0,0,0,0,0.0,0.0,0,1,1,0,0,0,1,0,1,0,0,0,0,1,0,0,0,0,0,0,0,0,0,1,0,1,0,0,0,0,1,0,0,0,1,0,2025020376,0,FLY,pp,3
33.7,33.81666666666666,0.11666666666666003,256,0,0,0,0,0,0,0.0,0.0,0,0,1,0,0,1,1,0,1,0,0,0,0,1,0,0,0,0,0,0,0,0,0,1,0,1,0,0,0,0,1,0,0,0,1,0,2025020376,0,FLY,pk,3
33.81666666666666,33.916666666666664,0.10000000000000142,257,0,0,0,0,0,0,0.0,0.0,0,0,0,0,0,1,1,0,1,0,0,0,0,1,0,1,0,0,0,0,0,0,0,1,0,1,0,0,0,0,1,0,0,0,1,0,2025020376,0,FLY,pp,3
33.916666666666664,33.93333333333334,0.016666666666672825,258,0,0,0,0,0,0,0.0,0.0,0,0,0,0,0,1,0,0,1,0,0,0,0,1,0,1,1,0,0,0,0,0,0,1,0,1,0,0,0,0,1,0,0,0,1,0,2025020376,0,FLY,pp,3
33.93333333333334,33.95,0.01666666666666572,259,0,0,0,0,0,0,0.0,0.0,0,0,0,0,0,1,0,0,1,0,0,0,0,1,0,1,1,0,1,0,0,0,0,1,0,0,0,0,0,0,1,0,0,1,0,0,2025020376,0,FLY,pp,3
33.95,34.083333333333336,0.13333333333333286,260,0,2,0,2,0,0,0.0,0.41667506075698013,0,0,0,0,0,1,0,0,0,1,0,0,0,1,0,1,1,0,1,0,0,0,0,1,0,0,0,0,0,0,1,0,0,1,0,0,2025020376,0,FLY,pk,3
34.083333333333336,34.25,0.1666666666666643,261,0,0,0,0,0,0,0.0,0.0,0,0,0,0,0,1,0,1,0,0,0,0,0,1,0,1,1,0,1,1,0,1,0,0,0,0,0,0,0,0,0,0,0,1,0,0,2025020376,0,O,pp,3
34.25,34.35,0.10000000000000142,262,0,0,0,0,0,0,0.0,0.0,0,1,1,1,0,0,1,0,1,0,0,0,0,0,0,0,0,0,0,0,1,1,0,1,0,0,0,0,0,0,0,0,0,0,0,0,2025020376,0,O,pp,3
34.35,34.36666666666667,0.01666666666666572,263,0,1,0,1,0,1,0.0,0.07054079709463501,0,1,1,1,0,0,1,0,1,0,0,0,0,0,0,0,0,0,0,0,1,1,0,1,0,0,0,0,0,0,0,1,0,0,0,0,2025020376,0,FLY,pk,3
34.36666666666667,34.666666666666664,0.29999999999999716,264,0,0,0,0,0,0,0.0,0.0,0,1,1,1,0,0,1,0,1,0,0,0,0,0,0,0,0,0,1,0,0,1,0,1,0,0,0,0,0,1,0,0,0,0,0,0,2025020376,0,N,pk,3
34.666666666666664,35.11666666666667,0.45000000000000284,265,0,2,0,2,0,1,0.0,0.2117469539706074,0,1,1,1,0,0,1,0,1,0,0,0,0,0,0,0,0,0,1,0,0,1,0,1,0,1,0,0,0,0,0,0,0,0,0,0,2025020376,0,FLY,pk,3
35.11666666666667,35.6,0.4833333333333343,266,1,0,1,0,0,0,0.1038528230659313,0.0,0,0,0,0,1,1,0,0,0,0,0,0,1,0,1,0,0,1,0,0,0,0,0,0,0,0,0,1,1,0,0,1,1,0,0,1,2025020376,0,N,ev,3
35.6,35.75,0.14999999999999858,267,0,1,0,1,0,0,0.0,0.015382466639444899,0,0,0,0,0,1,0,0,0,0,0,0,1,0,1,0,1,1,0,0,0,0,0,0,0,0,0,1,1,0,0,1,1,0,0,1,2025020376,0,FLY,ev,3
35.75,35.766666666666666,0.01666666666666572,268,0,0,0,0,0,0,0.0,0.0,1,0,0,0,0,0,0,0,0,0,1,0,1,0,1,0,1,0,0,0,0,0,0,0,0,0,0,1,1,0,0,1,1,0,0,1,2025020376,0,FLY,5v5,3
35.766666666666666,35.81666666666666,0.04999999999999716,269,0,0,0,0,0,0,0.0,0.0,1,0,0,0,0,0,0,0,0,1,1,1,0,0,0,0,1,0,0,0,0,0,0,0,0,0,0,1,1,0,0,1,1,0,0,1,2025020376,0,FLY,5v5,3
35.81666666666666,35.833333333333336,0.016666666666672825,270,0,0,0,0,0,0,0.0,0.0,1,0,0,0,0,0,0,0,0,1,1,1,0,0,0,0,1,0,0,0,0,0,0,0,0,0,1,1,1,0,0,1,1,0,0,0,2025020376,0,FLY,5v5,3
35.833333333333336,35.88333333333333,0.04999999999999716,271,0,0,0,0,0,0,0.0,0.0,1,0,0,0,0,0,0,0,0,1,1,1,0,0,0,0,1,0,0,1,0,0,0,0,0,0,1,1,1,0,0,0,1,0,0,0,2025020376,0,FLY,ev,3
35.88333333333333,36.41666666666667,0.5333333333333385,272,0,1,0,0,0,0,0.0,0.07534878634831693,0,0,1,1,0,0,0,1,1,0,0,0,0,1,0,0,0,0,0,1,1,0,0,0,0,0,1,0,1,0,0,0,0,1,0,0,2025020376,0,N,ev,3
36.41666666666667,36.43333333333334,0.01666666666666572,273,0,0,0,0,0,0,0.0,0.0,0,0,0,1,0,0,0,1,1,0,0,0,0,1,0,1,0,0,0,1,1,0,0,0,0,0,1,0,1,0,0,0,0,1,0,0,2025020376,0,FLY,5v5,3
36.43333333333334,36.5,0.06666666666666288,274,0,0,0,0,0,0,0.0,0.0,0,1,0,1,0,0,0,1,1,0,0,0,0,0,0,1,0,0,0,1,1,0,0,0,0,0,1,0,1,0,0,0,0,1,0,0,2025020376,0,FLY,5v5,3
36.5,36.55,0.04999999999999716,275,0,0,0,0,0,0,0.0,0.0,0,1,0,0,0,0,1,1,1,0,0,0,0,0,0,1,0,0,0,1,1,1,0,0,0,0,1,0,0,0,0,0,0,1,0,0,2025020376,0,FLY,5v5,3
36.55,36.63333333333333,0.0833333333333357,276,0,0,0,0,0,0,0.0,0.0,0,1,0,0,0,0,1,1,1,0,0,0,0,0,0,1,0,0,0,0,1,1,0,1,0,0,1,0,0,0,0,0,0,1,0,0,2025020376,0,FLY,5v5,3
36.63333333333333,36.766666666666666,0.13333333333333286,277,0,1,0,1,0,0,0.0,0.14558370518834102,0,1,0,0,0,0,1,1,1,0,0,0,0,0,0,1,0,0,0,0,1,1,0,1,0,1,1,0,0,0,0,0,0,0,0,0,2025020376,0,FLY,ev,3
36.766666666666666,36.78333333333333,0.01666666666666572,278,0,0,0,0,0,0,0.0,0.0,0,1,0,0,0,0,1,0,1,0,0,0,1,0,0,1,0,0,0,0,1,1,0,1,0,1,1,0,0,0,0,0,0,0,0,0,2025020376,0,FLY,5v5,3
36.78333333333333,36.8,0.01666666666666572,279,0,0,0,0,0,0,0.0,0.0,0,1,0,0,1,0,1,0,0,0,0,0,1,0,0,1,0,0,0,0,1,1,0,1,0,1,1,0,0,0,0,0,0,0,0,0,2025020376,0,FLY,ev,3
36.8,37.1,0.30000000000000426,280,0,0,0,0,0,0,0.0,0.0,0,1,0,0,1,0,1,0,0,0,0,0,1,0,0,1,0,0,0,0,0,1,0,1,0,1,0,0,0,1,0,0,0,0,1,0,2025020376,0,O,ev,3
37.1,37.516666666666666,0.4166666666666643,281,0,0,0,0,0,0,0.0,0.0,1,0,0,0,1,0,0,0,0,1,0,1,1,0,0,0,0,0,0,0,0,1,0,1,0,1,0,0,0,1,0,0,0,0,1,0,2025020376,0,D,5v5,3
37.516666666666666,37.55,0.03333333333333144,282,0,0,0,0,0,0,0.0,0.0,1,0,0,0,0,0,0,0,0,1,0,1,1,0,0,0,1,0,0,0,0,1,0,1,0,1,0,0,0,1,0,0,0,0,1,0,2025020376,0,FLY,5v5,3
37.55,37.71666666666667,0.1666666666666714,283,0,0,0,0,0,0,0.0,0.0,1,0,0,0,0,0,0,0,0,1,1,1,0,0,0,0,1,0,0,0,0,1,0,1,0,1,0,0,0,1,0,0,0,0,1,0,2025020376,0,FLY,ev,3
37.71666666666667,37.733333333333334,0.01666666666666572,284,0,0,0,0,0,0,0.0,0.0,0,0,0,0,0,0,0,0,0,1,1,1,0,0,0,0,1,1,0,0,0,1,0,1,0,1,0,0,0,1,0,0,0,0,1,0,2025020376,0,FLY,5v5,3
37.733333333333334,37.81666666666666,0.0833333333333286,285,0,0,0,0,0,0,0.0,0.0,0,0,0,0,0,0,0,0,0,1,1,0,0,0,1,0,1,1,0,0,0,1,0,1,0,1,0,0,0,1,0,0,0,0,1,0,2025020376,0,FLY,5v5,3
37.81666666666666,37.9,0.0833333333333357,286,0,0,0,0,0,0,0.0,0.0,0,0,0,0,0,1,0,0,0,0,1,0,0,0,1,0,1,1,0,0,0,1,0,1,0,1,0,0,0,1,0,0,0,0,1,0,2025020376,0,FLY,ev,3
37.9,37.91666666666667,0.016666666666672825,287,0,0,0,0,0,0,0.0,0.0,0,0,0,0,0,1,0,0,0,0,1,0,0,0,1,0,1,1,0,0,0,1,0,0,0,1,0,0,0,1,0,0,1,0,1,0,2025020376,0,FLY,5v5,3
37.91666666666667,38.0,0.0833333333333286,288,0,0,0,0,0,0,0.0,0.0,0,0,0,0,0,1,0,0,0,0,1,0,0,0,1,0,1,1,0,0,0,0,0,0,0,1,0,0,0,1,1,0,1,0,1,0,2025020376,0,FLY,ev,3
38.0,38.03333333333333,0.03333333333333144,289,0,0,0,0,0,0,0.0,0.0,0,0,0,0,0,1,0,0,0,0,1,0,0,0,1,0,1,1,1,0,0,0,0,0,0,1,0,0,0,1,1,0,1,0,0,0,2025020376,0,FLY,5v5,3
38.03333333333333,38.06666666666666,0.03333333333333144,290,0,0,0,0,0,0,0.0,0.0,0,0,0,0,0,1,0,0,0,0,1,0,0,0,1,0,1,1,1,0,0,0,1,0,0,0,0,0,0,1,1,0,1,0,0,0,2025020376,0,FLY,ev,3
38.06666666666666,38.38333333333333,0.31666666666667,291,0,1,0,0,0,0,0.0,0.07669551947337336,0,0,0,0,0,1,0,0,0,0,1,0,0,0,1,0,1,1,1,0,0,0,1,0,1,0,0,0,0,0,1,0,1,0,0,0,2025020376,0,D,ev,3
38.38333333333333,39.43333333333334,1.0500000000000043,292,0,3,0,3,0,0,0.0,0.28509347951801656,0,0,1,1,0,0,0,1,1,0,0,0,0,1,0,0,0,0,1,0,0,0,1,0,1,0,0,0,0,0,1,0,1,0,0,0,2025020376,0,O,ev,3
39.43333333333334,39.483333333333334,0.04999999999999716,293,0,0,0,0,0,0,0.0,0.0,0,1,0,1,0,0,0,1,1,0,0,0,0,1,0,0,0,0,1,0,0,0,1,0,1,0,0,0,0,0,1,0,1,0,0,0,2025020376,0,FLY,5v5,3
39.483333333333334,39.5,0.01666666666666572,294,0,0,0,0,0,0,0.0,0.0,0,1,0,0,0,0,1,1,1,0,0,0,0,1,0,0,0,0,1,0,0,0,1,0,1,0,0,0,0,0,1,0,1,0,0,0,2025020376,0,FLY,ev,3
39.5,39.56666666666666,0.06666666666666288,295,0,0,0,0,0,0,0.0,0.0,0,1,0,0,1,0,1,0,0,0,0,0,1,0,0,1,0,0,1,0,0,0,1,0,1,0,0,0,0,0,1,0,1,0,0,0,2025020376,0,O,5v5,3
39.56666666666666,39.58333333333333,0.01666666666666572,296,0,0,0,0,0,0,0.0,0.0,0,1,0,0,1,0,1,0,0,0,0,0,1,0,0,1,0,0,1,1,0,0,1,0,0,0,0,0,0,0,1,0,1,0,0,0,2025020376,0,FLY,5v5,3
39.58333333333333,39.6,0.016666666666672825,297,0,0,0,0,0,0,0.0,0.0,0,1,0,0,1,0,1,0,0,0,0,0,1,0,0,1,0,0,1,1,0,0,1,0,0,0,1,0,1,0,0,0,0,0,0,0,2025020376,0,FLY,5v5,3
39.6,39.63333333333333,0.03333333333333144,298,0,0,0,0,0,0,0.0,0.0,0,1,0,0,1,0,1,0,0,0,0,0,1,0,0,1,0,0,0,1,1,0,1,0,0,0,1,0,1,0,0,0,0,0,0,0,2025020376,0,FLY,5v5,3
39.63333333333333,40.0,0.36666666666666714,299,0,0,0,0,0,0,0.0,0.0,0,1,0,0,1,0,1,0,0,0,0,0,1,0,0,1,0,0,0,1,1,0,0,0,0,0,1,1,1,0,0,0,0,0,0,0,2025020376,0,FLY,ev,3
40.0,40.516666666666666,0.5166666666666657,300,0,0,0,0,0,0,0.0,0.0,0,0,1,1,0,0,0,1,1,0,0,0,0,1,0,0,0,0,0,1,0,0,0,0,0,1,0,0,1,1,0,0,0,0,1,0,2025020376,0,N,ev,3
40.516666666666666,40.6,0.0833333333333357,301,0,0,0,0,0,0,0.0,0.0,0,0,1,1,0,0,0,1,1,0,0,0,0,1,0,0,0,0,0,0,0,0,0,1,0,1,0,0,1,1,0,0,0,0,1,0,2025020376,0,FLY,5v5,3
40.6,40.61666666666667,0.01666666666666572,302,0,0,0,0,0,0,0.0,0.0,0,1,0,1,0,0,0,1,1,0,0,0,0,0,0,1,0,0,0,0,0,0,0,1,0,1,0,0,1,1,0,0,0,0,1,0,2025020376,0,FLY,5v5,3
40.61666666666667,40.65,0.03333333333333144,303,0,0,0,0,0,0,0.0,0.0,0,1,0,1,0,0,0,1,1,0,0,0,0,0,0,1,0,0,0,0,0,1,0,1,0,1,0,0,0,1,0,0,0,0,1,0,2025020376,0,FLY,5v5,3
40.65,40.666666666666664,0.01666666666666572,304,0,0,0,0,0,0,0.0,0.0,0,1,0,0,1,0,1,1,0,0,0,0,0,0,0,1,0,0,0,0,0,1,0,1,0,1,0,0,0,1,0,0,0,0,1,0,2025020376,0,FLY,5v5,3
40.666666666666664,40.68333333333333,0.01666666666666572,305,0,0,0,0,0,0,0.0,0.0,0,1,0,0,1,0,1,1,0,0,0,0,0,0,0,1,0,0,0,0,1,1,0,1,0,1,0,0,0,1,0,0,0,0,0,0,2025020376,0,FLY,5v5,3
40.68333333333333,40.7,0.016666666666672825,306,0,0,0,0,0,0,0.0,0.0,0,1,0,0,1,0,1,0,0,0,0,0,1,0,0,1,0,0,0,0,1,1,0,1,0,1,0,0,0,1,0,0,0,0,0,0,2025020376,0,FLY,5v5,3
40.7,40.833333333333336,0.13333333333333286,307,0,0,0,0,0,0,0.0,0.0,0,1,0,0,1,0,1,0,0,0,0,0,1,0,0,1,0,0,0,0,1,1,0,1,0,1,1,0,0,0,0,0,0,0,0,0,2025020376,0,FLY,5v5,3
40.833333333333336,41.05,0.21666666666666146,308,0,0,0,0,0,0,0.0,0.0,0,1,0,0,1,0,1,0,0,0,0,0,1,0,0,1,0,0,0,0,1,1,0,1,0,0,1,1,0,0,0,0,0,0,0,0,2025020376,0,FLY,5v5,3
41.05,41.43333333333333,0.38333333333333286,309,0,0,0,0,0,0,0.0,0.0,0,1,0,0,1,1,1,0,0,0,0,0,1,0,0,0,0,0,0,0,1,1,0,1,0,0,1,1,0,0,0,0,0,0,0,0,2025020376,0,FLY,ev,3
41.43333333333333,41.78333333333333,0.3500000000000014,310,0,0,0,0,0,0,0.0,0.0,0,0,0,0,1,1,1,0,0,0,0,0,1,0,0,0,0,1,0,0,1,1,0,1,0,0,1,1,0,0,0,0,0,0,0,0,2025020376,0,FLY,ev,3
41.78333333333333,42.266666666666666,0.4833333333333343,311,0,0,0,0,0,0,0.0,0.0,0,0,0,0,0,1,0,0,0,0,1,0,0,0,1,0,1,1,1,0,0,0,0,0,1,0,0,0,0,0,1,0,1,1,0,0,2025020376,0,N,5v5,3
42.266666666666666,42.28333333333333,0.01666666666666572,312,0,0,0,0,0,0,0.0,0.0,0,0,0,0,0,0,0,0,1,1,1,0,0,0,1,0,0,1,1,0,0,0,0,0,1,0,0,0,0,0,1,0,1,1,0,0,2025020376,0,FLY,5v5,3
42.28333333333333,42.31666666666666,0.03333333333333144,313,0,0,0,0,0,0,0.0,0.0,0,0,0,0,0,0,0,1,1,1,0,0,0,0,1,0,0,1,1,0,0,0,0,0,1,0,0,0,0,0,1,0,1,1,0,0,2025020376,0,FLY,5v5,3
42.31666666666666,42.38333333333333,0.06666666666666998,314,0,0,0,0,0,0,0.0,0.0,0,0,0,0,0,0,0,1,1,1,0,1,0,0,0,0,0,1,1,0,0,0,0,0,1,0,0,0,0,0,1,0,1,1,0,0,2025020376,0,FLY,5v5,3
42.38333333333333,42.46666666666667,0.0833333333333357,315,0,0,0,0,0,0,0.0,0.0,1,0,0,0,0,0,0,1,1,1,0,1,0,0,0,0,0,0,1,0,0,0,0,0,1,0,0,0,0,0,1,0,1,1,0,0,2025020376,0,FLY,5v5,3
42.46666666666667,42.483333333333334,0.01666666666666572,316,0,0,0,0,0,0,0.0,0.0,1,0,0,0,0,0,0,1,1,1,0,1,0,0,0,0,0,0,1,0,0,0,0,0,0,0,0,0,0,0,1,0,1,1,0,1,2025020376,0,FLY,5v5,3
42.483333333333334,42.5,0.01666666666666572,317,0,0,0,0,0,0,0.0,0.0,1,0,0,0,0,0,0,1,1,1,0,1,0,0,0,0,0,0,1,0,0,0,0,0,0,0,0,0,1,0,1,0,0,1,0,1,2025020376,0,FLY,5v5,3
42.5,42.53333333333333,0.03333333333333144,318,0,0,0,0,0,0,0.0,0.0,1,0,0,0,0,0,0,1,1,1,0,1,0,0,0,0,0,0,1,0,0,0,1,0,0,0,0,0,1,0,1,0,0,0,0,1,2025020376,0,FLY,5v5,3
42.53333333333333,42.666666666666664,0.13333333333333286,319,0,0,0,0,0,0,0.0,0.0,1,0,0,0,0,0,0,1,1,1,0,1,0,0,0,0,0,0,0,0,0,0,1,0,0,0,0,0,1,0,1,1,0,0,0,1,2025020376,0,FLY,5v5,3
42.666666666666664,43.166666666666664,0.5,320,0,0,0,0,0,0,0.0,0.0,1,0,0,0,0,0,0,1,1,1,0,1,0,0,0,0,0,0,0,1,0,0,1,0,0,0,0,0,1,0,0,1,0,0,0,1,2025020376,0,FLY,ev,3
43.166666666666664,43.18333333333333,0.01666666666666572,321,0,0,0,0,0,0,0.0,0.0,1,0,0,0,1,0,0,1,0,1,0,1,0,0,0,0,0,0,0,1,0,0,1,0,0,0,0,0,1,0,0,1,0,0,0,1,2025020376,0,FLY,5v5,3
43.18333333333333,43.2,0.016666666666672825,322,0,0,0,0,0,0,0.0,0.0,1,0,0,0,1,0,0,1,0,0,0,1,0,1,0,0,0,0,0,1,0,0,0,0,0,1,0,0,1,0,0,1,0,0,0,1,2025020376,0,FLY,5v5,3
43.2,43.21666666666667,0.01666666666666572,323,0,0,0,0,0,0,0.0,0.0,0,0,1,0,1,0,0,1,0,0,0,1,0,1,0,0,0,0,0,1,0,0,0,0,0,1,0,0,1,0,0,1,0,0,0,1,2025020376,0,FLY,5v5,3
43.21666666666667,43.233333333333334,0.01666666666666572,324,0,0,0,0,0,0,0.0,0.0,0,0,1,0,1,0,0,1,0,0,0,1,0,1,0,0,0,0,0,1,0,0,0,0,0,1,0,0,1,0,0,0,0,0,1,1,2025020376,0,FLY,5v5,3
43.233333333333334,43.25,0.01666666666666572,325,0,0,0,0,0,0,0.0,0.0,0,0,1,0,1,0,0,0,0,0,0,1,1,1,0,0,0,0,0,1,0,0,0,0,0,1,0,0,1,1,0,0,0,0,1,0,2025020376,0,FLY,5v5,3
43.25,43.28333333333333,0.03333333333333144,326,0,0,0,0,0,0,0.0,0.0,0,0,1,1,1,0,0,0,0,0,0,0,1,1,0,0,0,0,0,1,0,0,0,0,0,1,0,0,1,1,0,0,0,0,1,0,2025020376,0,FLY,5v5,3
43.28333333333333,43.53333333333333,0.25,327,0,0,0,0,0,0,0.0,0.0,0,0,1,1,1,0,0,0,0,0,0,0,1,1,0,0,0,0,0,1,0,0,0,1,0,1,0,0,0,1,0,0,0,0,1,0,2025020376,0,FLY,5v5,3
43.53333333333333,43.65,0.11666666666666714,328,0,0,0,0,0,0,0.0,0.0,0,0,1,1,1,0,0,0,0,0,0,0,1,1,0,0,0,0,0,0,0,1,0,1,0,1,0,0,0,1,0,0,0,0,1,0,2025020376,0,FLY,ev,3
43.65,43.766666666666666,0.11666666666666714,329,0,0,0,0,0,0,0.0,0.0,0,0,1,1,0,0,0,0,0,0,1,0,1,1,0,0,0,0,0,0,0,1,0,1,0,1,0,0,0,1,0,0,0,0,1,0,2025020376,0,FLY,5v5,3
43.766666666666666,43.983333333333334,0.21666666666666856,330,2,0,0,0,0,0,0.0468064030121479,0.0,0,0,1,1,0,0,0,0,0,0,1,0,0,1,0,0,1,0,0,0,0,1,0,1,0,1,0,0,0,1,0,0,0,0,1,0,2025020376,0,FLY,ev,3
43.983333333333334,44.11666666666667,0.13333333333333286,331,1,0,1,0,1,0,0.2567840865520344,0.0,0,1,0,0,0,0,1,0,0,0,1,0,0,0,0,1,1,0,0,0,1,1,0,1,0,0,1,1,0,0,0,0,0,0,0,0,2025020376,0,D,ev,3
44.11666666666667,44.666666666666664,0.5499999999999972,332,0,0,0,0,0,0,0.0,0.0,0,0,0,0,0,1,0,1,1,0,0,0,0,0,1,0,0,1,0,0,1,1,0,1,0,0,1,1,0,0,0,0,0,0,0,0,2025020376,0,N,5v5,3
44.666666666666664,44.766666666666666,0.10000000000000142,333,0,0,0,0,0,0,0.0,0.0,0,0,0,0,1,1,0,1,0,0,0,0,0,0,1,0,0,1,0,0,1,1,0,1,0,0,1,1,0,0,0,0,0,0,0,0,2025020376,0,FLY,ev,3
44.766666666666666,44.9,0.13333333333333286,334,0,4,0,3,0,0,0.0,0.31857483471616976,1,0,0,0,1,1,0,1,0,0,0,0,0,0,1,0,0,0,0,0,1,1,0,1,0,0,1,1,0,0,0,0,0,0,0,0,2025020376,0,FLY,ev,3
44.9,45.3,0.3999999999999986,335,3,0,2,0,0,0,0.1101648208209503,0.0,0,1,0,0,1,0,1,0,0,0,0,0,1,0,0,1,0,0,1,1,0,0,0,0,1,0,0,0,1,0,0,0,0,1,0,0,2025020376,0,O,ev,3
45.3,45.36666666666667,0.06666666666666998,336,2,0,1,0,0,0,0.19245104409427752,0.0,0,1,0,0,1,0,1,0,0,0,0,0,1,0,0,1,0,0,1,1,0,0,1,0,1,0,0,0,1,0,0,0,0,0,0,0,2025020376,0,FLY,ev,3
45.36666666666667,45.733333333333334,0.36666666666666714,337,2,0,2,0,0,0,0.08750435468993538,0.0,0,0,1,1,0,0,0,1,1,0,0,0,0,1,0,0,0,0,0,1,0,0,1,0,0,0,0,0,1,0,0,1,0,0,0,1,2025020376,0,D,ev,3
45.733333333333334,45.81666666666666,0.0833333333333286,338,1,0,1,0,1,0,0.07432043758229097,0.0,0,1,0,0,0,0,1,1,1,0,0,0,0,0,0,1,0,0,0,1,1,0,0,0,0,0,1,1,1,0,0,0,0,0,0,0,2025020376,0,O,ev,3
45.81666666666666,46.31666666666666,0.5,339,0,1,0,0,0,0,0.0,0.14786953070087697,1,0,0,0,0,0,0,0,0,1,1,1,0,0,0,0,1,0,0,1,0,0,0,0,0,1,0,0,1,1,0,0,0,0,1,0,2025020376,0,N,ev,3
46.31666666666666,46.4,0.0833333333333357,340,0,0,0,0,0,0,0.0,0.0,1,0,0,0,0,0,0,0,0,1,1,1,0,0,0,0,1,0,0,0,0,0,0,0,0,1,0,0,1,1,1,0,0,0,1,0,2025020376,0,FLY,5v5,3
46.4,46.416666666666664,0.01666666666666572,341,0,0,0,0,0,0,0.0,0.0,1,0,0,0,1,0,0,0,0,1,1,1,0,0,0,0,0,0,0,0,0,0,0,0,0,1,0,0,1,1,1,0,0,0,1,0,2025020376,0,FLY,5v5,3
46.416666666666664,46.45,0.033333333333338544,342,0,0,0,0,0,0,0.0,0.0,1,0,0,0,1,1,0,0,0,0,0,1,1,0,0,0,0,0,0,0,0,0,0,0,0,1,0,0,1,1,1,0,0,0,1,0,2025020376,0,FLY,5v5,3
46.45,46.516666666666666,0.06666666666666288,343,0,0,0,0,0,0,0.0,0.0,1,0,0,0,1,1,0,0,0,0,0,0,1,0,1,0,0,0,0,0,0,0,0,0,0,1,0,0,1,1,1,0,0,0,1,0,2025020376,0,FLY,5v5,3
46.516666666666666,46.61666666666667,0.10000000000000142,344,0,0,0,0,0,0,0.0,0.0,0,0,0,0,1,1,0,0,0,0,0,0,1,0,1,0,0,1,0,0,0,0,0,0,0,1,0,0,0,1,1,0,1,0,1,0,2025020376,0,FLY,ev,3
46.61666666666667,47.016666666666666,0.3999999999999986,345,0,1,0,0,0,0,0.0,0.05150848971179381,0,0,0,0,0,1,0,1,1,0,0,0,0,0,1,0,0,1,0,0,1,1,0,1,0,0,1,1,0,0,0,0,0,0,0,0,2025020376,0,O,ev,3
47.016666666666666,47.583333333333336,0.56666666666667,346,0,0,0,0,0,0,0.0,0.0,0,0,1,1,1,0,0,0,0,0,0,0,1,1,0,0,0,0,1,1,0,0,0,0,1,0,0,0,1,0,0,0,0,1,0,0,2025020376,0,D,ev,3
47.583333333333336,47.6,0.01666666666666572,347,0,0,0,0,0,0,0.0,0.0,0,1,1,0,1,0,1,0,0,0,0,0,1,0,0,0,0,0,1,1,0,0,0,0,1,0,0,0,1,0,0,0,0,1,0,0,2025020376,0,FLY,5v5,3
47.6,47.61666666666667,0.01666666666666572,348,0,0,0,0,0,0,0.0,0.0,0,1,0,0,1,0,1,0,0,0,0,0,1,0,0,1,0,0,1,1,0,0,0,0,1,0,0,0,1,0,0,0,0,1,0,0,2025020376,0,FLY,5v5,3
47.61666666666667,47.833333333333336,0.21666666666666856,349,0,0,0,0,0,0,0.0,0.0,0,1,0,0,1,0,1,0,0,0,0,0,1,0,0,1,0,0,1,1,0,0,1,0,1,0,0,0,1,0,0,0,0,0,0,0,2025020376,0,FLY,ev,3
47.833333333333336,47.86666666666667,0.03333333333333144,350,0,0,0,0,0,0,0.0,0.0,0,1,0,0,0,0,1,1,0,0,0,0,1,0,0,1,0,0,1,1,0,0,1,0,1,0,0,0,1,0,0,0,0,0,0,0,2025020376,0,FLY,5v5,3
47.86666666666667,47.916666666666664,0.04999999999999716,351,0,0,0,0,0,0,0.0,0.0,0,1,0,0,0,0,1,1,1,0,0,0,0,0,0,1,0,0,1,1,0,0,1,0,1,0,0,0,1,0,0,0,0,0,0,0,2025020376,0,FLY,5v5,3
47.916666666666664,47.983333333333334,0.06666666666666998,352,0,0,0,0,0,0,0.0,0.0,0,1,0,0,0,0,1,1,1,0,0,0,0,0,0,1,0,0,0,1,0,0,1,0,0,0,0,0,1,0,0,1,0,0,0,1,2025020376,0,FLY,5v5,3
47.983333333333334,48.0,0.01666666666666572,353,0,0,0,0,0,0,0.0,0.0,0,1,0,0,0,0,1,1,1,0,0,0,0,0,0,1,0,0,0,0,0,0,1,1,0,0,0,0,1,0,0,1,0,0,0,1,2025020376,0,FLY,5v5,3
48.0,48.2,0.20000000000000284,354,0,0,0,0,0,0,0.0,0.0,0,1,0,0,0,0,1,1,1,0,0,0,0,0,0,1,0,0,0,0,0,1,1,1,0,0,0,0,0,0,0,1,0,0,0,1,2025020376,0,FLY,ev,3
48.2,48.3,0.09999999999999432,355,0,0,0,0,0,0,0.0,0.0,0,1,0,0,0,0,1,1,1,0,0,0,0,0,0,1,0,0,0,0,1,1,0,1,0,0,1,1,0,0,0,0,0,0,0,0,2025020376,0,D,5v5,3
48.3,48.38333333333333,0.0833333333333357,356,0,0,0,0,0,0,0.0,0.0,0,1,0,0,0,0,1,1,1,1,0,0,0,0,0,0,0,0,0,0,1,1,0,1,0,0,1,1,0,0,0,0,0,0,0,0,2025020376,0,FLY,5v5,3
48.38333333333333,48.5,0.11666666666666714,357,0,0,0,0,0,0,0.0,0.0,0,1,0,0,0,0,0,1,1,1,0,1,0,0,0,0,0,0,0,0,1,1,0,1,0,0,1,1,0,0,0,0,0,0,0,0,2025020376,0,FLY,5v5,3
48.5,48.53333333333333,0.03333333333333144,358,0,0,0,0,0,0,0.0,0.0,1,0,0,0,0,0,0,1,1,1,0,1,0,0,0,0,0,0,0,0,1,1,0,1,0,0,1,1,0,0,0,0,0,0,0,0,2025020376,0,FLY,5v5,3
48.53333333333333,48.55,0.01666666666666572,359,0,0,0,0,0,0,0.0,0.0,1,0,0,0,1,0,0,1,0,1,0,1,0,0,0,0,0,0,0,0,1,1,0,1,0,0,1,1,0,0,0,0,0,0,0,0,2025020376,0,FLY,5v5,3
48.55,48.75,0.20000000000000284,360,0,0,0,0,0,0,0.0,0.0,1,0,0,0,1,0,0,0,0,1,0,1,1,0,0,0,0,0,0,0,1,1,0,1,0,0,1,1,0,0,0,0,0,0,0,0,2025020376,0,FLY,5v5,3
48.75,48.766666666666666,0.01666666666666572,361,0,0,0,0,0,0,0.0,0.0,1,0,0,0,1,0,0,0,0,1,0,1,1,0,0,0,0,0,0,0,0,1,0,1,0,0,1,1,0,0,0,0,0,0,1,0,2025020376,0,FLY,5v5,3
48.766666666666666,48.78333333333333,0.01666666666666572,362,0,0,0,0,0,0,0.0,0.0,1,0,0,0,1,0,0,0,0,1,0,1,1,0,0,0,0,0,0,1,0,1,0,1,0,0,1,0,0,0,0,0,0,0,1,0,2025020376,0,FLY,5v5,3
48.78333333333333,49.1,0.31666666666667,363,0,0,0,0,0,0,0.0,0.0,1,0,0,0,1,0,0,0,0,1,0,1,1,0,0,0,0,0,0,1,0,0,0,1,0,1,1,0,0,0,0,0,0,0,1,0,2025020376,0,FLY,ev,3
49.1,49.11666666666667,0.01666666666666572,364,0,0,0,0,0,0,0.0,0.0,1,0,0,0,1,0,0,0,0,1,0,1,1,0,0,0,0,0,0,1,0,0,0,0,0,1,1,0,0,1,0,0,0,0,1,0,2025020376,0,FLY,5v5,3
49.11666666666667,49.13333333333333,0.01666666666666572,365,0,0,0,0,0,0,0.0,0.0,0,0,0,0,1,0,0,0,0,1,0,0,1,0,1,0,0,1,0,1,0,0,0,0,0,1,1,0,0,1,0,0,0,0,1,0,2025020376,0,FLY,5v5,3
49.13333333333333,49.15,0.01666666666666572,366,0,0,0,0,0,0,0.0,0.0,0,0,0,0,1,0,0,0,0,1,0,0,1,0,1,0,0,1,0,1,0,0,0,0,0,1,0,0,0,1,0,0,1,0,1,0,2025020376,0,FLY,5v5,3
49.15,49.166666666666664,0.01666666666666572,367,0,0,0,0,0,0,0.0,0.0,0,0,0,0,1,0,0,0,0,1,1,0,0,0,1,0,0,1,0,1,0,0,0,0,0,1,0,0,0,1,0,0,1,0,1,0,2025020376,0,FLY,5v5,3
49.166666666666664,49.25,0.0833333333333357,368,0,0,0,0,0,0,0.0,0.0,0,0,0,0,1,1,0,0,0,0,1,0,0,0,1,0,0,1,0,1,0,0,0,0,0,1,0,0,0,1,0,0,1,0,1,0,2025020376,0,FLY,5v5,3
49.25,49.6,0.3500000000000014,369,0,0,0,0,0,0,0.0,0.0,0,0,0,0,0,1,0,0,0,0,1,0,0,0,1,0,1,1,0,1,0,0,0,0,0,1,0,0,0,1,0,0,1,0,1,0,2025020376,0,FLY,ev,3
49.6,49.61666666666667,0.01666666666666572,370,0,0,0,0,0,0,0.0,0.0,0,0,0,1,0,1,0,0,0,0,1,0,0,0,1,0,0,1,0,1,0,0,0,0,0,1,0,0,0,1,0,0,1,0,1,0,2025020376,0,FLY,5v5,3
49.61666666666667,49.65,0.03333333333333144,371,0,0,0,0,0,0,0.0,0.0,0,0,0,1,0,1,0,1,0,0,1,0,0,0,0,0,0,1,1,1,0,0,0,0,0,1,0,0,0,1,0,0,1,0,0,0,2025020376,0,FLY,5v5,3
49.65,49.666666666666664,0.01666666666666572,372,0,0,0,0,0,0,0.0,0.0,0,0,0,1,0,1,0,1,1,0,0,0,0,0,0,0,0,1,1,0,0,0,0,0,0,1,0,0,1,1,0,0,1,0,0,0,2025020376,0,FLY,5v5,3
49.666666666666664,49.68333333333334,0.016666666666672825,373,0,0,0,0,0,0,0.0,0.0,0,0,1,1,0,1,0,1,1,0,0,0,0,0,0,0,0,0,1,0,0,0,0,0,0,1,0,0,1,1,0,0,1,0,0,0,2025020376,0,FLY,5v5,3
49.68333333333334,49.766666666666666,0.0833333333333286,374,0,0,0,0,0,0,0.0,0.0,0,0,1,1,0,1,0,1,1,0,0,0,0,0,0,0,0,0,1,0,0,0,0,0,0,0,0,0,1,1,0,0,1,1,0,0,2025020376,0,FLY,ev,3
49.766666666666666,49.95,0.18333333333333712,375,0,0,0,0,0,0,0.0,0.0,0,0,1,1,0,0,0,1,1,0,0,0,0,1,0,0,0,0,1,0,0,0,0,0,0,0,0,0,1,1,0,0,1,1,0,0,2025020376,0,FLY,ev,3
49.95,49.96666666666667,0.01666666666666572,376,0,0,0,0,0,0,0.0,0.0,0,0,1,1,0,0,0,1,1,0,0,0,0,1,0,0,0,0,1,0,0,1,0,0,0,0,0,0,1,1,0,0,0,1,0,0,2025020376,0,FLY,5v5,3
49.96666666666667,50.06666666666666,0.09999999999999432,377,0,0,0,0,0,0,0.0,0.0,0,0,1,1,0,0,0,1,1,0,0,0,0,1,0,0,0,0,1,0,0,1,0,0,1,0,0,0,1,0,0,0,0,1,0,0,2025020376,0,FLY,5v5,3
50.06666666666666,50.3,0.23333333333333428,378,0,0,0,0,0,0,0.0,0.0,0,0,1,0,0,0,1,1,1,0,0,0,0,1,0,0,0,0,1,0,0,1,0,0,1,0,0,0,1,0,0,0,0,1,0,0,2025020376,0,FLY,5v5,3
50.3,50.31666666666666,0.01666666666666572,379,0,0,0,0,0,0,0.0,0.0,0,1,0,0,0,0,1,1,1,0,0,0,0,0,0,1,0,0,1,0,0,1,0,0,1,0,0,0,1,0,0,0,0,1,0,0,2025020376,0,FLY,5v5,3
50.31666666666666,50.483333333333334,0.1666666666666714,380,0,0,0,0,0,0,0.0,0.0,0,1,0,0,1,0,1,1,0,0,0,0,0,0,0,1,0,0,1,0,0,1,0,0,1,0,0,0,1,0,0,0,0,1,0,0,2025020376,0,FLY,ev,3
50.483333333333334,50.766666666666666,0.28333333333333144,381,0,1,0,0,0,0,0.0,0.032636680404933366,0,1,0,0,1,0,1,0,0,0,0,0,1,0,0,1,0,0,1,0,0,1,0,0,1,0,0,0,1,0,0,0,0,1,0,0,2025020376,0,FLY,ev,3
50.766666666666666,50.8,0.03333333333333144,382,0,0,0,0,0,0,0.0,0.0,0,1,0,0,1,0,1,0,0,0,0,0,1,0,0,1,0,0,0,0,1,1,0,1,1,0,0,0,1,0,0,0,0,0,0,0,2025020376,0,FLY,5v5,3
50.8,50.833333333333336,0.033333333333338544,383,0,0,0,0,0,0,0.0,0.0,0,1,0,0,1,0,1,0,0,0,0,0,1,0,0,1,0,0,0,0,1,1,0,1,1,0,0,1,0,0,0,0,0,0,0,0,2025020376,0,FLY,5v5,3
50.833333333333336,50.86666666666667,0.03333333333333144,384,0,0,0,0,0,0,0.0,0.0,0,1,0,0,1,0,1,0,0,1,0,0,1,0,0,0,0,0,0,0,1,1,0,1,1,0,0,1,0,0,0,0,0,0,0,0,2025020376,0,FLY,5v5,3
50.86666666666667,51.05,0.18333333333333002,385,1,0,0,0,0,0,0.08086231622219424,0.0,0,1,0,0,1,0,1,0,0,1,0,0,1,0,0,0,0,0,0,0,1,0,0,1,0,0,1,1,0,0,0,0,1,0,0,0,2025020376,0,FLY,ev,3
51.05,51.083333333333336,0.033333333333338544,386,0,0,0,0,0,0,0.0,0.0,1,0,0,0,1,0,1,0,0,1,0,0,1,0,0,0,0,0,0,0,1,0,0,1,0,0,1,1,0,0,0,0,1,0,0,0,2025020376,0,FLY,ev,3
51.083333333333336,51.11666666666667,0.03333333333333144,387,0,0,0,0,0,0,0.0,0.0,1,0,0,0,0,0,1,0,0,1,1,0,1,0,0,0,0,0,0,0,1,0,0,1,0,0,1,1,0,0,0,0,1,0,0,0,2025020376,0,FLY,5v5,3
51.11666666666667,51.233333333333334,0.11666666666666714,388,0,0,0,0,0,0,0.0,0.0,1,0,0,0,0,0,0,0,0,1,1,1,1,0,0,0,0,0,0,0,1,0,0,1,0,0,1,1,0,0,0,0,1,0,0,0,2025020376,0,FLY,5v5,3
51.233333333333334,51.4,0.1666666666666643,389,0,0,0,0,0,0,0.0,0.0,1,0,0,0,0,0,0,0,0,1,1,1,0,0,0,0,1,0,0,0,1,0,0,1,0,0,1,1,0,0,0,0,1,0,0,0,2025020376,0,FLY,5v5,3
51.4,51.45,0.05000000000000426,390,0,0,0,0,0,0,0.0,0.0,1,0,0,0,0,0,0,0,0,1,1,1,0,0,0,0,1,0,0,1,1,0,0,0,0,0,1,1,0,0,0,0,1,0,0,0,2025020376,0,FLY,ev,3
51.45,51.483333333333334,0.03333333333333144,391,0,0,0,0,0,0,0.0,0.0,1,0,0,0,0,0,0,0,0,1,1,1,0,0,0,0,1,0,0,1,1,0,0,0,0,0,1,1,1,0,0,0,0,0,0,0,2025020376,0,FLY,5v5,3
51.483333333333334,51.516666666666666,0.03333333333333144,392,0,0,0,0,0,0,0.0,0.0,1,0,0,0,0,1,0,0,0,0,1,1,0,0,0,0,1,0,0,1,1,0,0,0,0,0,1,1,1,0,0,0,0,0,0,0,2025020376,0,FLY,5v5,3
51.516666666666666,51.53333333333333,0.01666666666666572,393,0,0,0,0,0,0,0.0,0.0,0,0,0,0,0,1,0,0,0,0,1,1,0,0,0,0,1,1,0,1,1,0,0,0,0,0,1,1,1,0,0,0,0,0,0,0,2025020376,0,FLY,5v5,3
51.53333333333333,51.766666666666666,0.23333333333333428,394,0,0,0,0,0,0,0.0,0.0,0,0,0,0,0,1,0,0,0,0,1,1,0,0,0,0,1,1,0,1,0,0,1,0,0,0,1,0,1,0,0,1,0,0,0,0,2025020376,0,FLY,ev,3
51.766666666666666,51.88333333333333,0.11666666666666714,395,0,0,0,0,0,0,0.0,0.0,0,0,0,0,0,1,0,0,0,0,1,0,0,0,1,0,1,1,0,1,0,0,1,0,0,0,1,0,1,0,0,1,0,0,0,0,2025020376,0,FLY,5v5,3
51.88333333333333,51.983333333333334,0.10000000000000142,396,0,0,0,0,0,0,0.0,0.0,0,0,0,0,0,1,0,0,0,0,1,0,0,0,1,0,1,1,0,1,0,0,1,0,0,0,0,0,1,0,0,1,0,0,0,1,2025020376,0,FLY,5v5,3
51.983333333333334,52.016666666666666,0.03333333333333144,397,0,0,0,0,0,0,0.0,0.0,0,0,0,0,0,1,0,1,0,0,1,0,0,0,1,0,0,1,0,1,0,0,1,0,0,0,0,0,1,0,0,1,0,0,0,1,2025020376,0,FLY,5v5,3
52.016666666666666,52.03333333333333,0.01666666666666572,398,0,0,0,0,0,0,0.0,0.0,0,0,0,0,0,1,0,1,0,0,0,0,0,1,1,0,0,1,0,1,0,0,1,0,0,0,0,0,1,0,0,1,0,0,0,1,2025020376,0,FLY,5v5,3
52.03333333333333,52.18333333333334,0.15000000000000568,399,0,0,0,0,0,0,0.0,0.0,0,0,0,0,0,0,0,1,1,0,0,0,0,1,1,0,0,1,0,1,0,0,1,0,0,0,0,0,1,0,0,1,0,0,0,1,2025020376,0,FLY,ev,3
52.18333333333334,52.63333333333333,0.44999999999999574,400,0,0,0,0,0,0,0.0,0.0,0,0,1,1,0,0,0,1,1,0,0,0,0,1,0,0,0,0,0,0,0,1,0,1,1,0,0,0,0,0,0,1,0,1,0,0,2025020376,0,N,5v5,3
52.63333333333333,52.75,0.11666666666666714,401,0,0,0,0,0,0,0.0,0.0,0,1,0,0,0,0,1,1,1,0,0,0,0,1,0,0,0,0,0,0,0,1,0,1,1,0,0,0,0,0,0,1,0,1,0,0,2025020376,0,FLY,5v5,3
52.75,52.8,0.04999999999999716,402,0,0,0,0,0,0,0.0,0.0,0,1,0,0,0,0,1,1,1,0,0,0,0,1,0,0,0,0,0,0,0,1,0,0,1,0,0,0,1,0,0,1,0,1,0,0,2025020376,0,FLY,5v5,3
52.8,52.833333333333336,0.033333333333338544,403,0,0,0,0,0,0,0.0,0.0,0,1,0,0,0,0,1,1,1,0,0,0,0,0,0,1,0,0,0,0,0,1,0,0,1,0,0,0,1,0,0,1,0,1,0,0,2025020376,0,FLY,5v5,3
52.833333333333336,52.85,0.01666666666666572,404,0,0,0,0,0,0,0.0,0.0,0,1,0,0,0,0,1,1,1,0,0,0,0,0,0,1,0,0,0,0,0,1,0,0,0,0,0,0,1,1,0,1,0,1,0,0,2025020376,0,FLY,5v5,3
52.85,52.9,0.04999999999999716,405,0,0,0,0,0,0,0.0,0.0,0,1,0,0,0,0,1,1,1,0,0,0,0,0,0,1,0,0,0,1,0,0,0,0,0,0,0,0,1,1,0,1,0,1,0,0,2025020376,0,FLY,5v5,3
52.9,52.916666666666664,0.01666666666666572,406,0,0,0,0,0,0,0.0,0.0,0,1,0,0,1,0,1,1,0,0,0,0,0,0,0,1,0,0,0,1,0,0,0,0,0,0,0,0,1,1,0,1,0,1,0,0,2025020376,0,FLY,5v5,3
52.916666666666664,53.18333333333334,0.2666666666666728,407,0,1,0,1,0,0,0.0,0.013214764230754815,0,1,0,0,1,0,1,0,0,0,0,0,1,0,0,1,0,0,0,1,0,0,0,0,0,0,0,0,1,1,0,1,0,1,0,0,2025020376,0,FLY,ev,3
53.18333333333334,53.2,0.01666666666666572,408,0,0,0,0,0,0,0.0,0.0,0,1,0,0,1,0,1,0,0,0,0,0,1,0,0,1,0,0,0,1,0,0,0,0,0,0,0,0,1,1,0,1,0,0,1,0,2025020376,0,FLY,5v5,3
53.2,53.45,0.25,409,0,0,0,0,0,0,0.0,0.0,0,1,0,0,1,0,1,0,0,0,0,0,1,0,0,1,0,0,0,1,0,0,0,0,0,1,0,0,1,1,0,0,0,0,1,0,2025020376,0,FLY,ev,3
53.45,53.483333333333334,0.03333333333333144,410,0,0,0,0,0,0,0.0,0.0,1,0,0,0,1,0,1,0,0,0,0,0,1,0,0,1,0,0,0,1,0,0,0,0,0,1,0,0,1,1,0,0,0,0,1,0,2025020376,0,FLY,5v5,3
53.483333333333334,53.5,0.01666666666666572,411,0,0,0,0,0,0,0.0,0.0,1,0,0,0,1,0,1,0,0,1,0,1,0,0,0,0,0,0,0,1,0,0,0,0,0,1,0,0,1,1,0,0,0,0,1,0,2025020376,0,FLY,5v5,3
53.5,53.516666666666666,0.01666666666666572,412,0,0,0,0,0,0,0.0,0.0,1,0,0,0,1,0,0,0,1,1,0,1,0,0,0,0,0,0,0,1,0,0,0,0,0,1,0,0,0,1,1,0,0,0,1,0,2025020376,0,FLY,5v5,3
53.516666666666666,53.6,0.0833333333333357,413,0,0,0,0,0,0,0.0,0.0,1,0,0,0,0,0,0,1,1,1,0,1,0,0,0,0,0,0,0,0,0,0,0,0,0,1,0,0,0,1,1,0,1,0,1,0,2025020376,0,FLY,ev,3
53.6,54.21666666666667,0.6166666666666671,414,0,1,0,1,0,0,0.0,0.0024611371061950397,0,0,1,1,0,0,0,1,1,0,0,0,0,1,0,0,0,0,0,0,1,1,0,0,0,0,1,1,0,0,0,0,1,0,0,0,2025020376,0,D,ev,3
54.21666666666667,54.233333333333334,0.01666666666666572,415,0,0,0,0,0,0,0.0,0.0,0,0,1,1,0,0,0,1,1,0,0,0,0,0,1,0,0,0,0,0,1,1,0,0,0,0,1,1,0,0,0,0,1,0,0,0,2025020376,0,FLY,5v5,3
54.233333333333334,54.25,0.01666666666666572,416,0,0,0,0,0,0,0.0,0.0,0,0,1,0,0,0,0,1,1,0,0,0,0,0,1,0,0,1,0,0,1,1,0,0,0,0,1,1,0,0,0,0,1,0,0,0,2025020376,0,FLY,5v5,3
54.25,54.266666666666666,0.01666666666666572,417,0,0,0,0,0,0,0.0,0.0,0,0,1,0,1,0,0,1,0,0,0,0,0,0,1,0,0,1,1,0,0,1,0,0,1,0,0,1,1,0,0,0,0,0,0,0,2025020376,0,FLY,5v5,3
54.266666666666666,54.31666666666666,0.04999999999999716,418,0,0,0,0,0,0,0.0,0.0,0,0,0,0,1,1,0,0,0,0,0,0,1,0,1,0,0,1,1,0,0,1,0,0,1,0,0,1,1,0,0,0,0,0,0,0,2025020376,0,FLY,5v5,3
54.31666666666666,54.333333333333336,0.016666666666672825,419,0,0,0,0,0,0,0.0,0.0,0,0,0,0,1,1,0,0,0,0,0,0,1,0,1,0,0,1,1,0,0,1,0,0,1,0,0,0,1,0,0,0,0,1,0,0,2025020376,0,FLY,5v5,3
54.333333333333336,54.7,0.36666666666666714,420,0,0,0,0,0,0,0.0,0.0,0,0,0,0,1,1,0,0,0,0,0,0,1,0,1,0,0,1,1,1,0,0,0,0,1,0,0,0,1,0,0,0,0,1,0,0,2025020376,0,FLY,ev,3
54.7,54.96666666666667,0.2666666666666657,421,0,1,0,1,0,0,0.0,0.093337561284064,0,0,1,1,1,0,0,0,0,0,0,0,1,1,0,0,0,0,1,0,0,1,0,1,1,0,0,0,0,0,0,1,0,0,0,0,2025020376,0,N,ev,3
54.96666666666667,55.166666666666664,0.19999999999999574,422,0,0,0,0,0,0,0.0,0.0,0,0,1,1,1,0,0,0,0,0,0,0,1,1,0,0,0,0,1,0,0,1,0,0,1,0,0,0,1,0,0,1,0,0,0,0,2025020376,0,FLY,ev,3
55.166666666666664,55.2,0.033333333333338544,423,0,0,0,0,0,0,0.0,0.0,0,0,1,0,1,0,0,0,0,0,0,1,1,1,0,0,0,0,1,0,0,1,0,0,1,0,0,0,1,0,0,1,0,0,0,0,2025020376,0,FLY,5v5,3
55.2,55.233333333333334,0.03333333333333144,424,0,0,0,0,0,0,0.0,0.0,1,0,0,0,1,0,0,0,0,1,0,1,1,0,0,0,0,0,1,1,0,1,0,0,0,0,0,0,0,1,0,1,0,0,0,0,2025020376,0,FLY,5v5,3
55.233333333333334,55.25,0.01666666666666572,425,0,0,0,0,0,0,0.0,0.0,1,0,0,0,1,0,0,0,0,1,0,1,1,0,0,0,0,0,1,1,0,1,0,0,0,1,0,0,0,1,0,0,0,0,0,0,2025020376,0,FLY,5v5,3
55.25,55.3,0.04999999999999716,426,0,0,0,0,0,0,0.0,0.0,1,0,0,0,1,0,0,0,0,1,0,1,1,0,0,0,0,0,0,1,0,1,0,0,0,1,0,0,0,1,0,0,0,0,1,0,2025020376,0,FLY,5v5,3
55.3,55.95,0.6500000000000057,427,1,0,0,0,0,0,0.07747901803603582,0.0,1,0,0,0,0,0,0,0,0,1,1,1,0,0,0,0,1,0,0,1,0,1,0,0,0,1,0,0,0,1,0,0,0,0,1,0,2025020376,0,FLY,ev,3
55.95,55.96666666666667,0.01666666666666572,428,0,0,0,0,0,0,0.0,0.0,1,0,0,0,0,0,0,1,0,1,1,0,0,0,0,0,1,0,0,1,0,1,0,0,0,1,0,0,0,1,0,0,0,0,1,0,2025020376,0,FLY,5v5,3
55.96666666666667,56.016666666666666,0.04999999999999716,429,0,0,0,0,0,0,0.0,0.0,0,1,0,0,0,0,0,1,0,1,1,0,0,0,0,0,1,0,0,1,0,1,0,0,0,1,0,0,0,1,0,0,0,0,1,0,2025020376,0,FLY,5v5,3
56.016666666666666,56.03333333333333,0.01666666666666572,430,0,0,0,0,0,0,0.0,0.0,0,1,0,0,0,0,0,1,0,1,1,0,0,0,0,0,1,0,0,1,0,1,0,0,0,1,0,1,0,0,0,0,0,0,1,0,2025020376,0,FLY,pp,3
56.03333333333333,56.3,0.2666666666666657,431,0,0,0,0,0,0,0.0,0.0,1,0,0,0,0,0,0,0,0,1,1,1,0,0,0,0,1,0,0,1,1,0,0,0,0,0,1,1,0,0,0,0,0,1,1,0,2025020376,0,D,pk,3
56.3,56.31666666666666,0.01666666666666572,432,0,0,0,0,0,0,0.0,0.0,0,0,1,0,0,0,0,0,0,1,1,1,0,0,0,0,1,0,0,1,1,0,0,0,0,0,1,1,0,0,0,0,0,1,1,0,2025020376,0,FLY,5v5,3
56.31666666666666,56.6,0.28333333333333854,433,0,0,0,0,0,0,0.0,0.0,0,0,1,0,0,0,0,0,0,0,1,1,0,1,0,0,1,0,0,1,1,0,0,0,0,0,1,1,0,0,0,0,0,1,1,0,2025020376,0,FLY,ev,3
56.6,57.03333333333333,0.43333333333333,434,0,2,0,1,0,1,0.0,0.16685985937416653,0,1,0,0,0,0,1,1,1,0,0,0,0,0,0,1,0,0,1,0,0,0,1,0,1,0,0,0,0,0,1,0,1,0,0,0,2025020376,0,N,ev,3
57.03333333333333,57.45,0.4166666666666714,435,0,0,0,0,0,0,0.0,0.0,0,0,0,0,1,1,0,0,0,0,0,0,1,0,1,0,0,1,0,0,0,1,0,1,0,0,1,0,0,0,0,1,0,0,0,1,2025020376,0,N,ev,3
57.45,57.75,0.29999999999999716,436,0,0,0,0,0,0,0.0,0.0,1,0,0,0,1,0,0,0,0,1,0,1,1,0,0,0,0,0,0,0,0,1,0,1,0,0,0,0,0,0,0,1,0,1,0,1,2025020376,0,D,5v5,3
57.75,57.88333333333333,0.13333333333333286,437,0,0,0,0,0,0,0.0,0.0,1,0,0,0,0,0,0,0,0,1,1,1,0,0,0,0,1,0,0,0,0,1,0,1,0,0,0,0,0,0,0,1,0,1,0,1,2025020376,0,FLY,5v5,3
57.88333333333333,58.11666666666667,0.23333333333333428,438,0,0,0,0,0,0,0.0,0.0,1,0,0,0,0,0,0,0,0,1,1,1,0,0,0,0,1,0,1,0,0,1,0,1,0,0,0,0,0,0,0,0,0,1,0,1,2025020376,0,FLY,5v5,3
58.11666666666667,58.233333333333334,0.11666666666666714,439,0,0,0,0,0,0,0.0,0.0,1,0,0,0,0,0,0,0,0,1,1,1,0,0,0,0,1,0,1,0,0,1,0,0,0,0,0,0,0,0,1,0,0,1,0,1,2025020376,0,FLY,ev,3
58.233333333333334,58.483333333333334,0.25,440,0,0,0,0,0,0,0.0,0.0,1,0,0,0,0,0,0,0,0,1,1,1,0,0,0,0,1,0,1,0,0,1,0,0,1,0,0,0,0,0,1,0,0,1,0,0,2025020376,0,FLY,ev,3
58.483333333333334,58.5,0.01666666666666572,441,0,0,0,0,0,0,0.0,0.0,1,0,0,0,0,0,0,0,0,0,1,1,0,0,0,0,1,1,1,0,0,1,0,0,1,0,0,0,0,0,1,0,0,1,0,0,2025020376,0,FLY,5v5,3
58.5,58.516666666666666,0.01666666666666572,442,0,0,0,0,0,0,0.0,0.0,0,0,0,0,0,1,0,0,0,0,1,1,0,0,0,0,1,1,1,0,0,1,0,0,1,0,0,0,0,0,1,0,0,1,0,0,2025020376,0,FLY,5v5,3
58.516666666666666,58.56666666666666,0.04999999999999716,443,0,0,0,0,0,0,0.0,0.0,0,0,0,0,0,1,0,0,0,0,1,1,0,0,0,0,1,1,1,0,0,0,0,0,1,0,0,0,0,0,1,0,1,1,0,0,2025020376,0,FLY,5v5,3
58.56666666666666,58.85,0.28333333333333854,444,0,0,0,0,0,0,0.0,0.0,0,0,0,0,0,1,0,0,0,0,1,1,0,0,0,0,1,1,1,0,0,0,1,0,1,0,0,0,0,0,1,0,1,0,0,0,2025020376,0,FLY,pk,3
58.85,59.31666666666666,0.46666666666666146,445,0,1,0,0,0,0,0.0,0.14059738651051215,1,0,0,0,1,0,0,0,0,0,0,0,1,0,0,0,0,1,0,1,1,0,0,0,0,0,1,1,0,0,0,0,1,0,0,0,2025020376,0,O,pp,3
59.31666666666666,59.38333333333333,0.06666666666666998,446,0,0,0,0,0,0,0.0,0.0,0,0,0,0,1,0,0,0,0,1,0,0,1,0,0,0,0,1,0,1,1,0,0,0,0,0,1,1,0,0,0,0,1,0,0,0,2025020376,0,FLY,pk,3
59.38333333333333,59.63333333333333,0.25,447,0,0,0,0,0,0,0.0,0.0,0,0,0,0,1,0,0,0,0,1,0,1,1,0,0,0,0,0,0,1,1,0,0,0,0,0,1,1,0,0,0,0,1,0,0,0,2025020376,0,FLY,pp,3
59.63333333333333,59.66666666666667,0.033333333333338544,448,0,0,0,0,0,0,0.0,0.0,0,0,0,0,1,0,0,1,0,1,0,1,0,0,0,0,0,0,0,1,1,0,0,0,0,0,1,1,0,0,0,0,1,0,0,0,2025020376,0,FLY,pk,3
59.66666666666667,59.7,0.03333333333333144,449,0,0,0,0,0,0,0.0,0.0,0,0,0,0,0,0,0,1,1,1,0,1,0,0,0,0,0,0,0,1,0,0,0,0,0,0,1,1,0,0,0,0,1,0,1,0,2025020376,0,FLY,pk,3
59.7,59.91666666666667,0.21666666666666856,450,1,0,1,0,0,0,0.023508489874166226,0.0,0,0,0,0,0,0,0,1,1,1,0,1,0,0,0,0,0,0,0,1,0,0,0,0,0,1,1,0,0,0,0,0,1,0,1,0,2025020376,0,FLY,pk,3
59.91666666666667,60.0,0.0833333333333286,451,1,0,1,0,0,0,0.027749452922275493,0.0,1,0,0,0,0,0,0,1,1,0,0,0,0,0,0,0,0,1,0,1,0,0,0,0,0,1,1,0,0,0,0,0,1,0,1,0,2025020376,0,O,pk,3
